place_id,business_name,rating,reviews,category,address,whatsapp_number,website,email,instagram,twitter
https://www.google.com/maps/place/Peaks+Digital+Marketing+%7C+Denver+SEO/data=!4m7!3m6!1s0x876bedd8856e92db:0xc47fead70ff87763!8m2!3d39.7357068!4d-104.9938062!16s%2Fg%2F11clyfqv95!19sChIJ25Juhdjta4cRY3f4D9fqf8Q?authuser=0&hl=en&rclk=1,Peaks Digital Marketing | Denver SEO,4.9,(66),Internet marketing service,·,+1 720-432-7115,https://www.peaksdigitalmarketing.com/,info@peaksdigitalmarketing.com; support@peaksdigitalmarketing.com,,https://x.com/peaks_digital/
https://www.google.com/maps/place/The+Brandsmen/data=!4m7!3m6!1s0x876c875ffba226df:0x6de9976b6bd8c547!8m2!3d39.7531595!4d-104.9970625!16s%2Fg%2F11bbrmxywb!19sChIJ3yai-1-HbIcRR8XYa2uX6W0?authuser=0&hl=en&rclk=1,The Brandsmen,5.0,(58),Marketing agency,·,+1 303-945-3080,https://thebrandsmen.com/?utm_source=google&utm_medium=organic&utm_campaign=google_my_business&utm_content=denver,cheers@thebrandsmen.com,https://www.instagram.com/thebrandsmen/,
https://www.google.com/maps/place/51Blocks/data=!4m7!3m6!1s0x876c7f302be2a90b:0x546918ed7152936e!8m2!3d39.7448348!4d-105.0355087!16s%2Fg%2F1ptvvtxj8!19sChIJC6niKzB_bIcRbpNSce0YaVQ?authuser=0&hl=en&rclk=1,51Blocks,4.8,(81),Internet marketing service,1746 Meade St,+1 303-900-9119,https://www.51blocks.com/,,https://www.instagram.com/thejustsellmethod/,
https://www.google.com/maps/place/Denver+Digital+Agency/data=!4m7!3m6!1s0x876c7f7ddbf23ac3:0x712157130b72d348!8m2!3d39.4050596!4d-104.8964855!16s%2Fg%2F11h4cw68dn!19sChIJwzry231_bIcRSNNyCxNXIXE?authuser=0&hl=en&rclk=1,Denver Digital Agency,4.8,(28),Internet marketing service,,+1 303-529-6979,https://denverdigitalagency.com/,,,
https://www.google.com/maps/place/Tree+Ring+Digital/data=!4m7!3m6!1s0x876c7faa8b31aaa5:0xa66efa5c752bec57!8m2!3d39.7615033!4d-104.9789994!16s%2Fg%2F1ptwt2jhh!19sChIJpaoxi6p_bIcRV-wrdVz6bqY?authuser=0&hl=en&rclk=1,Tree Ring Digital,4.9,(76),Marketing agency,3000 Lawrence St Suite 601,+1 303-218-5287,http://www.treeringdigital.com/,,https://www.instagram.com/treeringdigital/,
https://www.google.com/maps/place/Crowd+Digital+Marketing/data=!4m7!3m6!1s0x876c792729a90001:0x37b4edae3144793b!8m2!3d39.7534302!4d-104.9828704!16s%2Fg%2F11ggm9j28m!19sChIJAQCpKSd5bIcRO3lEMa7ttDc?authuser=0&hl=en&rclk=1,Crowd Digital Marketing,5.0,(30),Marketing agency,2412 Stout St,+1 720-723-1837,http://www.denvercrowd.com/,info@denvercrowd.com,https://www.instagram.com/denvercrowd/,
https://www.google.com/maps/place/The+Xcite+Group/data=!4m7!3m6!1s0x876c871ab160c913:0xf86604c4450f82d1!8m2!3d39.6335394!4d-104.8960156!16s%2Fg%2F1hhjddw90!19sChIJE8lgsRqHbIcR0YIPRcQEZvg?authuser=0&hl=en&rclk=1,The Xcite Group,4.9,(37),Internet marketing service,·,+1 720-288-0539,https://thexcitegroup.com/,,,https://x.com/thexcitegroup/
https://www.google.com/maps/place/Fruition/data=!4m7!3m6!1s0x876c7e96fe89468d:0x29adc1f8c3be61af!8m2!3d39.720627!4d-104.9799734!16s%2Fg%2F11b6_zzdfk!19sChIJjUaJ_pZ-bIcRr2G-w_jBrSk?authuser=0&hl=en&rclk=1,Fruition,4.9,(29),Internet marketing service,·,+1 303-395-1880,https://fruition.net/,,,
https://www.google.com/maps/place/Get+Found+Fast+SEO+%26+Digital+Marketing/data=!4m7!3m6!1s0x876c85e94228a0cb:0xff60e34a9e84336e!8m2!3d39.7414515!4d-104.9877629!16s%2Fg%2F1tgz126f!19sChIJy6AoQumFbIcRbjOEnkrjYP8?authuser=0&hl=en&rclk=1,Get Found Fast SEO & Digital Marketing,4.9,(53),Internet marketing service,·,+1 303-952-4900,https://www.getfoundfast.com/,info@getfoundfast.com,https://www.instagram.com/getfoundfast/,https://x.com/Get_Found_Fast/
https://www.google.com/maps/place/Epidemic+Marketing+-+A+Denver+SEO+Company/data=!4m7!3m6!1s0x876c7e9500f3f479:0x36879da2f9893699!8m2!3d39.565476!4d-104.5524224!16s%2Fg%2F1hjhb4pxk!19sChIJefTzAJV-bIcRmTaJ-aKdhzY?authuser=0&hl=en&rclk=1,Epidemic Marketing - A Denver SEO Company,5.0,(66),Internet marketing service,,+1 303-586-6728,https://www.epidemic-marketing.com/?utm_campaign=GMB&utm_medium=Local&utm_source=Google,info@epidemic-marketing.com,,https://x.com/epidemicseo/
https://www.google.com/maps/place/Webolutions+Digital+Marketing+Agency+-+Denver+Tech+Center/data=!4m7!3m6!1s0x876c868c0db08f63:0xce1a3cb812b732a!8m2!3d39.599598!4d-104.889626!16s%2Fg%2F1tdz9xnn!19sChIJY4-wDYyGbIcRKnMrgcuj4Qw?authuser=0&hl=en&rclk=1,Webolutions Digital Marketing Agency - Denver Tech Center,4.6,(22),Marketing agency,·,+1 303-997-2808,https://webolutionsmarketingagency.com/,,,
https://www.google.com/maps/place/HEARD+Digital+Marketing/data=!4m7!3m6!1s0x876c7c589fc5d4a9:0x78de7ab61377ff58!8m2!3d39.7196169!4d-104.9524791!16s%2Fg%2F11g8yknr87!19sChIJqdTFn1h8bIcRWP93E7Z63ng?authuser=0&hl=en&rclk=1,HEARD Digital Marketing,5.0,(70),Internet marketing service,201 Milwaukee St Unit 200,+1 303-344-8100,https://heardmarketing.io/,,,
https://www.google.com/maps/place/Eclipse+Marketing+-+Denver+SEO+Agency/data=!4m7!3m6!1s0x876c7947deefc0af:0x9e200df4b17425a7!8m2!3d39.7446937!4d-104.9870883!16s%2Fg%2F11sr64ppl8!19sChIJr8Dv3kd5bIcRpyV0sfQNIJ4?authuser=0&hl=en&rclk=1,Eclipse Marketing - Denver SEO Agency,5.0,(105),Internet marketing service,1776 Broadway,+1 720-410-9480,https://eclipsemarketing.io/denver-co-seo-agency/?utm_campaign=gmb,contact@eclipsemarketing.io,,
https://www.google.com/maps/place/Elevation+Digital+Marketing/data=!4m7!3m6!1s0x876b813c978445c3:0x6e2af3dc8fee70d4!8m2!3d39.721914!4d-104.974354!16s%2Fg%2F11bx89tjsz!19sChIJw0WElzyBa4cR1HDuj9zzKm4?authuser=0&hl=en&rclk=1,Elevation Digital Marketing,5.0,(14),Marketing agency,·,+1 720-491-1442,https://www.elevationdigitalmarketing.com/,,,
https://www.google.com/maps/place/Faceted+Media+LLC+%7C+Marketing+%26+Growth+Agency/data=!4m7!3m6!1s0x876b810a8c7bf9eb:0x35775eeed68173ba!8m2!3d39.7615033!4d-104.9789994!16s%2Fg%2F11gf8fwgnh!19sChIJ6_l7jAqBa4cRunOB1u5edzU?authuser=0&hl=en&rclk=1,Faceted Media LLC | Marketing & Growth Agency,5.0,(65),Marketing agency,·,+1 720-515-7190,https://facetedmedia.com/,,https://www.instagram.com/faceted.media/,
https://www.google.com/maps/place/Top+Denver+SEO+Company/data=!4m7!3m6!1s0x876c7ff151425cab:0x3a7d73b27f017caa!8m2!3d39.7322457!4d-104.9906841!16s%2Fg%2F11vwg9v474!19sChIJq1xCUfF_bIcRqnwBf7JzfTo?authuser=0&hl=en&rclk=1,Top Denver SEO Company,5.0,(88),Internet marketing service,1001 Bannock St suite 681,+1 720-799-8641,https://www.topdenverseocompany.com/,,,https://x.com/topseodenver/
https://www.google.com/maps/place/Communications+Strategy+Group+%28CSG+%29/data=!4m7!3m6!1s0x876c7e99b899a981:0x5565530ab3eacb3d!8m2!3d39.716816!4d-104.946997!16s%2Fg%2F1td13s0v!19sChIJgamZuJl-bIcRPcvqswpTZVU?authuser=0&hl=en&rclk=1,Communications Strategy Group (CSG ),4.9,(37),Marketing agency,·,+1 303-433-7020,https://wearecsg.com/,talktous@wearecsg.com,https://www.instagram.com/wearecsg/,
https://www.google.com/maps/place/Adept+Agency/data=!4m7!3m6!1s0xa2d3018e89c71ed3:0xe278bc31f17b2489!8m2!3d39.7453651!4d-104.9906385!16s%2Fg%2F11l32vwjjl!19sChIJ0x7HiY4B06IRiSR78TG8eOI?authuser=0&hl=en&rclk=1,Adept Agency,5.0,(12),Marketing agency,600 17th St Suite 2802F,+1 720-663-7609,http://www.theadeptagency.com/,info@theadeptagency.com,,
https://www.google.com/maps/place/Two+Octobers/data=!4m7!3m6!1s0x876c7f3c594e21c5:0x56bf0e336633775f!8m2!3d39.7322708!4d-104.9905735!16s%2Fg%2F1pp2tvjy_!19sChIJxSFOWTx_bIcRX3czZjMOv1Y?authuser=0&hl=en&rclk=1,Two Octobers,4.8,(18),Internet marketing service,·,+1 720-468-0012,https://twooctobers.com/,,,
https://www.google.com/maps/place/Real+FiG+Advertising+%2B+Marketing/data=!4m7!3m6!1s0x876c78d0d3fd8497:0xb30beb7a192526dc!8m2!3d39.7457093!4d-104.99251!16s%2Fg%2F1tdq1mfj!19sChIJl4T909B4bIcR3CYlGXrrC7M?authuser=0&hl=en&rclk=1,Real FiG Advertising + Marketing,4.8,(21),Marketing agency,·,+1 303-260-7840,https://www.figadvertising.com/,,,https://x.com/figadvertising/
"https://www.google.com/maps/place/Mile+High+Content,+LLC/data=!4m7!3m6!1s0x876c7fc7083eddf3:0xb8b4dddbf538ba22!8m2!3d39.7260233!4d-104.9784061!16s%2Fg%2F11kj84xc94!19sChIJ890-CMd_bIcRIro49dvdtLg?authuser=0&hl=en&rclk=1","Mile High Content, LLC",5.0,(47),Internet marketing service,612 N Washington St #121,+1 303-718-2001,https://milehighcontent.com/,,https://www.instagram.com/milehighcontent/,
https://www.google.com/maps/place/Booyah+Advertising/data=!4m7!3m6!1s0x876c78e21252baff:0xc71e8744a87370ad!8m2!3d39.743642!4d-104.9854807!16s%2Fg%2F11b6sx31kg!19sChIJ_7pSEuJ4bIcRrXBzqESHHsc?authuser=0&hl=en&rclk=1,Booyah Advertising,5.0,(15),Advertising agency,·,+1 303-345-6100,https://www.booyah.com/,,https://www.instagram.com/booyah_advertising/,https://x.com/booyahagency/
https://www.google.com/maps/place/Blue+Bear+Creative/data=!4m7!3m6!1s0x876c78eac89df959:0xc157c99c83d0d71e!8m2!3d39.7547326!4d-104.9915287!16s%2Fg%2F11b6ybvdv8!19sChIJWfmdyOp4bIcRHtfQg5zJV8E?authuser=0&hl=en&rclk=1,Blue Bear Creative,4.5,(8),Internet marketing service,·,+1 303-357-2553,http://www.bluebearcreative.co/?utm_source=google&utm_medium=organic&utm_campaign=gmb_listing,info@bluebearcreative.co,https://www.instagram.com/bluebearcreates/,https://x.com/BlueBearCreates/
https://www.google.com/maps/place/Colorado+Digital/data=!4m7!3m6!1s0x876c7f1e6f677349:0xd5f2968fdf47acd5!8m2!3d39.7615033!4d-104.9789994!16s%2Fg%2F1tg3bllg!19sChIJSXNnbx5_bIcR1axH34-W8tU?authuser=0&hl=en&rclk=1,Colorado Digital,5.0,(20),Marketing agency,3000 Lawrence St #113,+1 303-534-1745,https://coloradodigital.com/,,https://www.instagram.com/colorado_digital/,https://x.com/codigitalddw/
https://www.google.com/maps/place/Red+Egg+Marketing/data=!4m7!3m6!1s0x876c7e22f2deff7f:0x6405f0cb63cc625f!8m2!3d39.7726699!4d-105.006889!16s%2Fg%2F11h1ql435!19sChIJf__e8iJ-bIcRX2LMY8vwBWQ?authuser=0&hl=en&rclk=1,Red Egg Marketing,5.0,(44),Marketing agency,·,+1 720-408-6295,https://redeggmarketing.com/?utm_campaign=gmb,alyson@redeggmarketing.com; angie@redeggmarketing.com; delaney@redeggmarketing.com; elliana@redeggmarketing.com; hello@redeggmarketing.com; jacob@redeggmarketing.com; jasmin@redeggmarketing.com; keith@redeggmarketing.com; lucas@redeggmarketing.com; marcus@redeggmarketing.com; morgan@redeggmarketing.com; ryan@redeggmarketing.com; summer@redeggmarketing.com; zach@redeggmarketing.com,https://www.instagram.com/redeggmarketing/,
https://www.google.com/maps/place/Silent+Freeway+Digital+Marketing+Agency/data=!4m7!3m6!1s0x876eb8b39d47d35d:0x52ef70b439db6bc9!8m2!3d39.7451302!4d-104.9910321!16s%2Fg%2F11c43lwy_n!19sChIJXdNHnbO4bocRyWvbObRw71I?authuser=0&hl=en&rclk=1,Silent Freeway Digital Marketing Agency,5.0,(18),Internet marketing service,600 17th St,+1 888-736-7721,http://www.silentfreeway.com/,info@silentfreeway.com,,
https://www.google.com/maps/place/Juris+Digital/data=!4m7!3m6!1s0x876c86f76273eb11:0xd6c38d8447097a9c!8m2!3d39.7568085!4d-104.9898973!16s%2Fg%2F11ckj9mc8x!19sChIJEetzYveGbIcRnHoJR4SNw9Y?authuser=0&hl=en&rclk=1,Juris Digital,4.9,(76),Internet marketing service,·,+1 855-593-6935,https://jurisdigital.com/?utm_source=Google&utm_medium=Organic&utm_campaign=GMB,careers@jurisdigital.com; clientsupport@jurisdigital.com; info@jurisdigital.com,https://www.instagram.com/jurisdigital/,https://x.com/jurisdigital/
https://www.google.com/maps/place/SunnySide+Social+Media/data=!4m7!3m6!1s0x876c78945766cfd3:0x907db5f6ea96053!8m2!3d39.7642444!4d-104.8547524!16s%2Fg%2F11bbrms7sn!19sChIJ089mV5R4bIcRU2Cpbl_bBwk?authuser=0&hl=en&rclk=1,SunnySide Social Media,5.0,(75),Marketing agency,,+1 720-464-2594,http://www.sunnysidesocialmedia.com/,,,
https://www.google.com/maps/place/Gravity+Global/data=!4m7!3m6!1s0x876c7894224c8085:0xb895451e36dfb976!8m2!3d39.7621209!4d-104.9810891!16s%2Fg%2F113gm8dsm!19sChIJhYBMIpR4bIcRdrnfNh5Flbg?authuser=0&hl=en&rclk=1,Gravity Global,4.9,(18),Marketing agency,·,+1 303-222-8045,https://www.gravityglobal.com/,newbusiness@gravityglobal.com,https://www.instagram.com/gravity.global/,https://x.com/gravity__Global/
https://www.google.com/maps/place/Search+Envy+Denver+Digital+Marketing+Agency/data=!4m7!3m6!1s0x876c8f2592f0d7fb:0x517f21f5ee401171!8m2!3d39.7501467!4d-104.9975794!16s%2Fg%2F11h6qvftnj!19sChIJ-9fwkiWPbIcRcRFA7vUhf1E?authuser=0&hl=en&rclk=1,Search Envy Denver Digital Marketing Agency,4.9,(8),Marketing agency,·,+1 303-923-8192,https://searchenvy.com/?UTM_source=GBP&UTM_medium=organic,,,
https://www.google.com/maps/place/JEMSU/data=!4m7!3m6!1s0x876b86aeb2b37eb5:0xc1a71f013767d472!8m2!3d39.7414541!4d-104.9820575!16s%2Fg%2F11g_cbdmp!19sChIJtX6zsq6Ga4cRctRnNwEfp8E?authuser=0&hl=en&rclk=1,JEMSU,4.6,(81),Internet marketing service,·,+1 720-410-6151,https://www.jemsu.com/?utm_source=google&utm_medium=organic&utm_campaign=gmb,,https://www.instagram.com/jemsumarketing/,https://x.com/JEMSUtweets/
https://www.google.com/maps/place/labyrinth+digital/data=!4m7!3m6!1s0x876c7ff3ce294a25:0xd191e51278201d7b!8m2!3d39.734188!4d-104.9831072!16s%2Fg%2F11rr8ff7mn!19sChIJJUopzvN_bIcRex0geBLlkdE?authuser=0&hl=en&rclk=1,labyrinth digital,5.0,(7),Marketing agency,1100 Grant St,+1 720-984-2537,http://labyrinth.digital/,,https://www.instagram.com/labyrinth.digital/,https://x.com/labyrinth_dgtl/
https://www.google.com/maps/place/BSM+-+A+Denver+SEO+Company/data=!4m7!3m6!1s0x876bf2d487001633:0x8ce9c6fc54f65292!8m2!3d39.7069002!4d-104.9344136!16s%2Fg%2F1hf2lykng!19sChIJMxYAh9Tya4cRklL2VPzG6Yw?authuser=0&hl=en&rclk=1,BSM - A Denver SEO Company,5.0,(55),Internet marketing service,·,+1 720-295-5220,https://boulderseomarketing.com/denver-seo/,,,https://x.com/MarketingSEOWiz/
https://www.google.com/maps/place/Wit+Digital/data=!4m7!3m6!1s0x876c85eec55fa5d7:0x2a4b487012452492!8m2!3d39.6233485!4d-104.9002868!16s%2Fg%2F1z44bgp4s!19sChIJ16Vfxe6FbIcRkiRFEnBISyo?authuser=0&hl=en&rclk=1,Wit Digital,4.9,(48),Internet marketing service,·,+1 800-444-8957,https://witdelivers.com/?utm_source=google&utm_medium=gbp&utm_campaign=wit-gbp,,https://www.instagram.com/witdelivers_/,
https://www.google.com/maps/place/Summit+Digital+Marketing/data=!4m7!3m6!1s0x87134d7020ebb16f:0x6ad756bad01f33cc!8m2!3d39.599598!4d-104.889626!16s%2Fg%2F11sg7ym64j!19sChIJb7HrIHBNE4cRzDMf0LpW12o?authuser=0&hl=en&rclk=1,Summit Digital Marketing,4.9,(91),Marketing agency,·,+1 719-259-3077,https://summitdigitalmarketing.com/?utm_source=google&utm_medium=organic&utm_campaign=summit-digital-marketing-GBP,,https://www.instagram.com/summitdigitalmarketing/,https://x.com/summitppc/
https://www.google.com/maps/place/Main+Street+Media+360/data=!4m7!3m6!1s0x876c7fd015812de9:0x5cb333defeb65c68!8m2!3d39.7038762!4d-104.9399171!16s%2Fg%2F11glxp5w7t!19sChIJ6S2BFdB_bIcRaFy2_t4zs1w?authuser=0&hl=en&rclk=1,Main Street Media 360,4.3,(22),Marketing agency,·,+1 303-625-6718,https://mainstreetmedia360.com/,,,
https://www.google.com/maps/place/Campfire+Digital/data=!4m7!3m6!1s0x876c7b9f4297f407:0x154f5607cb15eb8d!8m2!3d46.423669!4d-129.9427086!16s%2Fg%2F11fcr2m17d!19sChIJB_SXQp97bIcRjesVywdWTxU?authuser=0&hl=en&rclk=1,Campfire Digital,5.0,(10),Marketing agency,,+1 303-335-9518,https://campfiredigital.com/,,,
https://www.google.com/maps/place/V+Digital+Services/data=!4m7!3m6!1s0x876c7f29bd03532f:0x7546bd00c0783c14!8m2!3d39.7365965!4d-104.9857545!16s%2Fg%2F11cjj1tf9r!19sChIJL1MDvSl_bIcRFDx4wAC9RnU?authuser=0&hl=en&rclk=1,V Digital Services,4.7,(16),Marketing agency,·,+1 720-580-5083,https://www.vdigitalservices.com/location/denver-colorado,,,
https://www.google.com/maps/place/Bluebird+Branding/data=!4m7!3m6!1s0x876c81af5f5631c1:0xb2b88e0ebc9e8189!8m2!3d39.6141652!4d-105.0154224!16s%2Fg%2F11b7tfc262!19sChIJwTFWX6-BbIcRiYGevA6OuLI?authuser=0&hl=en&rclk=1,Bluebird Branding,5.0,(42),Marketing agency,·,+1 303-997-8329,https://bluebirdbranding.com/,,,
https://www.google.com/maps/place/AIM+Digital+Marketing+Agency/data=!4m7!3m6!1s0x876c870df83eb169:0xc7c37c2b524f5773!8m2!3d39.6088042!4d-104.8983252!16s%2Fg%2F11s8m_c0ry!19sChIJabE--A2HbIcRc1dPUit8w8c?authuser=0&hl=en&rclk=1,AIM Digital Marketing Agency,5.0,(3),Marketing agency,·,+1 303-816-3600,https://aimdigitalagency.com/locations/denver/?utm_source=google&utm_medium=gbp&utm_campaign=denver,aiminfo@aimdigitalagency.com,https://www.instagram.com/aimdigagency/,
https://www.google.com/maps/place/Eye+To+Ad+Media/data=!4m7!3m6!1s0x876b80a30aecc555:0xce4f9701939c3ec9!8m2!3d39.7322457!4d-104.9906841!16s%2Fg%2F11bymv569d!19sChIJVcXsCqOAa4cRyT6ckwGXT84?authuser=0&hl=en&rclk=1,Eye To Ad Media,5.0,(54),Internet marketing service,1001 Bannock St #660,+1 720-249-6588,https://www.eyetoad.com/,,,
https://www.google.com/maps/place/Red+Rock+Interactive/data=!4m7!3m6!1s0x876c7f9d11d278f1:0x8b3321d6ba8c2d99!8m2!3d39.6655226!4d-104.9656446!16s%2Fg%2F11h3qnpvgx!19sChIJ8XjSEZ1_bIcRmS2MutYhM4s?authuser=0&hl=en&rclk=1,Red Rock Interactive,5.0,(21),Marketing agency,2825 S High St,+1 720-295-1542,https://lp.redrock-interactive.com/ppc-agency-denver/?utm_source=GBP&utm_medium=organic,sales@redrock-interactive.com,,
https://www.google.com/maps/place/BUHV+Designs/data=!4m7!3m6!1s0x876c74806df9734f:0x3d74253543f6e84d!8m2!3d39.7485665!4d-105.0004653!16s%2Fg%2F1q6hz9ylp!19sChIJT3P5bYB0bIcRTej2QzUldD0?authuser=0&hl=en&rclk=1,BUHV Designs,4.8,(26),Marketing agency,1425 Market St #10,+1 720-223-5454,https://buhvdesigns.com/?utm_source=buhv&utm_medium=organic,,,
https://www.google.com/maps/place/Webolutions+Digital+Marketing+Agency/data=!4m7!3m6!1s0x876c790d2603cd2d:0x2f79c5f7342de14a!8m2!3d39.744853!4d-104.9906306!16s%2Fg%2F11qndv_p63!19sChIJLc0DJg15bIcRSuEtNPfFeS8?authuser=0&hl=en&rclk=1,Webolutions Digital Marketing Agency,5.0,(1),Marketing agency,·,+1 303-536-1680,https://webolutionsmarketingagency.com/denver-digital-marketing-agency/,,,
https://www.google.com/maps/place/Madison+Taylor+Marketing/data=!4m7!3m6!1s0x876c8a1fa411eedb:0x702d140eaae4c457!8m2!3d39.6130271!4d-104.894402!16s%2Fg%2F1vl5h8cl!19sChIJ2-4RpB-KbIcRV8Tkqg4ULXA?authuser=0&hl=en&rclk=1,Madison Taylor Marketing,4.7,(29),Marketing agency,·,+1 720-637-2425,https://madisontaylormarketing.com/,,https://www.instagram.com/madisontaylormarketing/,https://x.com/MTMDenver/
https://www.google.com/maps/place/Encite+International/data=!4m7!3m6!1s0x876c8783ffffffff:0x31fd88f56cd6bf32!8m2!3d39.764811!4d-104.980186!16s%2Fg%2F11b7crhs1h!19sChIJ_____4OHbIcRMr_WbPWI_TE?authuser=0&hl=en&rclk=1,Encite International,5.0,(13),Advertising agency,·,+1 303-302-8238,http://www.enciteinternational.com/,,,
https://www.google.com/maps/place/VRC+Marketing+Agency/data=!4m7!3m6!1s0x876c79c99c1db575:0x51ac118a3d204ca1!8m2!3d39.7686529!4d-104.8920709!16s%2Fg%2F11wg46kf9l!19sChIJdbUdnMl5bIcRoUwgPYoRrFE?authuser=0&hl=en&rclk=1,VRC Marketing Agency,5.0,(49),Marketing agency,3700 Uinta St,+1 303-990-6856,https://vrcmarketingagency.com/,,https://www.instagram.com/vrc.marketing/,
https://www.google.com/maps/place/Watermark+Agency/data=!4m7!3m6!1s0x876c8596fc075d2d:0x18bf0774d5e87f57!8m2!3d39.7499896!4d-104.8868253!16s%2Fg%2F1tdc13t7!19sChIJLV0H_JaFbIcRV3_o1XQHvxg?authuser=0&hl=en&rclk=1,Watermark Agency,5.0,(3),Marketing agency,·,+1 303-771-5675,https://wmkagency.com/,team@wmkagency.com,https://www.instagram.com/watermarkagency/,https://x.com/WatermarkAgency/
https://www.google.com/maps/place/Postdusk+Digital+Marketing/data=!4m7!3m6!1s0x876c7de1bb0e8c71:0xfdf7d9512e1f2a88!8m2!3d39.7328698!4d-104.9373082!16s%2Fg%2F11h3l6f2sm!19sChIJcYwOu-F9bIcRiCofLlHZ9_0?authuser=0&hl=en&rclk=1,Postdusk Digital Marketing,4.8,(16),Internet marketing service,1100 Bellaire St,+1 714-767-1512,https://postduskmarketing.com/,,,
"https://www.google.com/maps/place/Courtney+Malkin,+Denver+Digital+Marketing+Consultant/data=!4m7!3m6!1s0x876b87e9c2ea0e07:0x25167cce65508657!8m2!3d39.8543614!4d-104.9517389!16s%2Fg%2F11jkw_bljq!19sChIJBw7qwumHa4cRV4ZQZc58FiU?authuser=0&hl=en&rclk=1","Courtney Malkin, Denver Digital Marketing Consultant",5.0,(12),Marketing consultant,,+1 480-220-7954,https://www.linkedin.com/in/courtney-malkin-3329a872,,,
https://www.google.com/maps/place/Blennd/data=!4m7!3m6!1s0x876c867d85027787:0x5bdaa0dc3999ce9a!8m2!3d39.7617144!4d-104.9789637!16s%2Fg%2F11bxflv701!19sChIJh3cChX2GbIcRms6ZOdyg2ls?authuser=0&hl=en&rclk=1,Blennd,5.0,(22),Marketing consultant,·,+1 303-952-7683,https://blennd.com/,hello@blennd.com,https://www.instagram.com/weareblennd/,
https://www.google.com/maps/place/Growth+Marketing+Media/data=!4m7!3m6!1s0x876c793cc010def7:0x5fc2aaa0d32c50d5!8m2!3d39.7568002!4d-104.9899082!16s%2Fg%2F11jwcg95j8!19sChIJ994QwDx5bIcR1VAs06Cqwl8?authuser=0&hl=en&rclk=1,Growth Marketing Media,5.0,(47),Internet marketing service,1415 Park Ave W,+1 303-968-2741,https://growthmarketingco.com/,,,
https://www.google.com/maps/place/WideFoc.us+Social+Media+Management/data=!4m7!3m6!1s0x876c7894f3e693b5:0x2c956f272970af80!8m2!3d39.7586138!4d-105.0114786!16s%2Fg%2F1q2w9x7jn!19sChIJtZPm85R4bIcRgK9wKSdvlSw?authuser=0&hl=en&rclk=1,WideFoc.us Social Media Management,5.0,(1),Internet marketing service,·,+1 303-219-0453,https://www.widefoc.us/,info@widefoc.us,https://www.instagram.com/widefoc.us/,
https://www.google.com/maps/place/Denver+Digital/data=!4m7!3m6!1s0x876c78d0da8714f7:0x8ed62eb325149c24!8m2!3d38.9979464!4d-105.550863!16s%2Fg%2F11bxg19ncd!19sChIJ9xSH2tB4bIcRJJwUJbMu1o4?authuser=0&hl=en&rclk=1,Denver Digital,4.9,(33),Internet marketing service,,+1 720-502-1647,https://denverdigital.com/,,,
https://www.google.com/maps/place/PHENYX+Digital+Marketing+Agency/data=!4m7!3m6!1s0x876bf5e628ed10f1:0x7f61aa8190499949!8m2!3d39.9772265!4d-105.0647331!16s%2Fg%2F11g_z8v51j!19sChIJ8RDtKOb1a4cRSZlJkIGqYX8?authuser=0&hl=en&rclk=1,PHENYX Digital Marketing Agency,5.0,(32),Marketing agency,·,+1 720-600-2160,https://www.phenyx.co/,hello@phenyx.co,,
https://www.google.com/maps/place/YouWho+Digital+%7C+Web+Design+%26+Marketing/data=!4m7!3m6!1s0x876b7f9f201c419f:0x93cd47f086df01a7!8m2!3d39.6240566!4d-105.1082046!16s%2Fg%2F11fj879t5w!19sChIJn0EcIJ9_a4cRpwHfhvBHzZM?authuser=0&hl=en&rclk=1,YouWho Digital | Web Design & Marketing,5.0,(10),Marketing agency,·,+1 720-773-0160,https://youwhodigital.com/,hello@youwhodigital.com,https://www.instagram.com/youwhodigital/,
https://www.google.com/maps/place/DigitalNomad.Com/data=!4m7!3m6!1s0x876c792f32aad601:0xf781e254b5f374bb!8m2!3d39.7598224!4d-104.9980822!16s%2Fg%2F1q6j5sj25!19sChIJAdaqMi95bIcRu3TztVTigfc?authuser=0&hl=en&rclk=1,DigitalNomad.Com,4.9,(133),Internet marketing service,2960 Inca St UNIT 502,+1 720-722-1215,https://www.digitalnomad.com/,,,
https://www.google.com/maps/place/Science+In+Advertising+PPC+Denver/data=!4m7!3m6!1s0x876c79d05999501b:0x654eb30ddf262efb!8m2!3d39.7435188!4d-104.9896067!16s%2Fg%2F11h3vjvvpd!19sChIJG1CZWdB5bIcR-y4m3w2zTmU?authuser=0&hl=en&rclk=1,Science In Advertising PPC Denver,4.6,(11),Advertising agency,·,+1 720-261-0847,https://scienceinadvertising.com/,greg@scienceinadvertising.com,,
https://www.google.com/maps/place/Lisa+Suazo+-+Digital+Marketing+Director/data=!4m7!3m6!1s0x876c87767e2add61:0x3d981f8638fd3c2e!8m2!3d39.6335091!4d-104.8961054!16s%2Fg%2F11h6sr203z!19sChIJYd0qfnaHbIcRLjz9OIYfmD0?authuser=0&hl=en&rclk=1,Lisa Suazo - Digital Marketing Director,5.0,(31),Marketing consultant,·,+1 303-994-1755,,,,
https://www.google.com/maps/place/Supernova+Digital+Marketing/data=!4m7!3m6!1s0x876c79d748fe3af9:0x33ec93d040d8855e!8m2!3d39.7673825!4d-104.9779953!16s%2Fg%2F11vbjxpb3g!19sChIJ-Tr-SNd5bIcRXoXYQNCT7DM?authuser=0&hl=en&rclk=1,Supernova Digital Marketing,5.0,(17),Internet marketing service,·,+1 303-529-8660,http://supernovadigitalmarketing.com/,,,
https://www.google.com/maps/place/VEA+Technologies/data=!4m7!3m6!1s0x876b8634e9a41201:0x4c786fcb23f4fa30!8m2!3d39.7727414!4d-105.0066836!16s%2Fg%2F11bxg2mlnk!19sChIJARKk6TSGa4cRMPr0I8tveEw?authuser=0&hl=en&rclk=1,VEA Technologies,5.0,(13),Marketing agency,·,+1 720-204-3143,https://veatechnologies.com/?utm_source=GBP,,https://www.instagram.com/veatechnologies/,
https://www.google.com/maps/place/Awesome+Digital+Marketing/data=!4m7!3m6!1s0x876c78c4cd991051:0x2a693176b9c8f5d!8m2!3d39.7501164!4d-104.9975162!16s%2Fg%2F11by_zs634!19sChIJURCZzcR4bIcRXY-caxeTpgI?authuser=0&hl=en&rclk=1,Awesome Digital Marketing,5.0,(4),Marketing agency,·,+1 720-605-1385,https://awesomedigitalmarketing.com/,info@awesomedigitalmarketing.com,,https://x.com/awesome_digital/
https://www.google.com/maps/place/Tag+Team+Design+-+Denver+Web+Design+%26+SEO/data=!4m7!3m6!1s0x876c851234ead2bb:0x651455f79b4636cf!8m2!3d39.6975566!4d-104.961474!16s%2Fg%2F1v831lnf!19sChIJu9LqNBKFbIcRzzZGm_dVFGU?authuser=0&hl=en&rclk=1,Tag Team Design - Denver Web Design & SEO,5.0,(45),Marketing agency,·,+1 303-997-5361,https://www.tagteamdesign.com/,sales@tagteamdesign.com,https://www.instagram.com/tagteamdesign/,https://x.com/tagteamdesign/
https://www.google.com/maps/place/Web+Lankan/data=!4m7!3m6!1s0x3ae25a628246635f:0x74f90c5c3bdf81b7!8m2!3d6.8560924!4d79.9040473!16s%2Fg%2F11b5wlnkfz!19sChIJX2NGgmJa4joRt4HfO1wM-XQ?authuser=0&hl=en&rclk=1,Web Lankan,4.5,(90),Marketing agency,·,077 884 5600,https://www.weblankan.com/,,https://www.instagram.com/weblankan/,
https://www.google.com/maps/place/Expert+Societies+Digital+Marketing/data=!4m7!3m6!1s0x876b81023ff73f6b:0xd7e7981823bfa2e0!8m2!3d39.6697125!4d-104.8627466!16s%2Fg%2F11fzk_nmtf!19sChIJaz_3PwKBa4cR4KK_IxiY59c?authuser=0&hl=en&rclk=1,Expert Societies Digital Marketing,5.0,(13),Marketing agency,2600 S Parker Rd suite 3-234,+1 303-900-8414,https://expertsocieties.com/,,,
"https://www.google.com/maps/place/AOR,+Inc./data=!4m7!3m6!1s0x876c7fac90badcbf:0xae942e95bf8dbf17!8m2!3d39.7324415!4d-104.9912868!16s%2Fg%2F1tfv5m9x!19sChIJv9y6kKx_bIcRF7-Nv5UulK4?authuser=0&hl=en&rclk=1","AOR, Inc.",5.0,(8),Marketing agency,·,+1 303-871-9700,https://www.thinkaor.com/?utm_source=google&utm_medium=local,elena@thinkaor.com,https://www.instagram.com/aor_inc/,
https://www.google.com/maps/place/BLKDG/data=!4m7!3m6!1s0x876c7f3c594e21c5:0xdfb77d098f03d49e!8m2!3d39.776274!4d-105.04429!16s%2Fg%2F11g6qsjqqd!19sChIJxSFOWTx_bIcRntQDjwl9t98?authuser=0&hl=en&rclk=1,BLKDG,5.0,(1),Internet marketing service,4383 Tennyson St # 1-B,,http://www.blkdg.com/,,,
https://www.google.com/maps/place/Mavericks+Marketing/data=!4m7!3m6!1s0x876c871a7df79a97:0xac2de1d1ef4741e9!8m2!3d39.6802763!4d-104.9365978!16s%2Fg%2F11cs4jrqgs!19sChIJl5r3fRqHbIcR6UFH79HhLaw?authuser=0&hl=en&rclk=1,Mavericks Marketing,5.0,(13),Marketing agency,·,,https://mavericksmarketing.com/,info@mavericksmarketing.com,https://www.instagram.com/mavericksmarketing/,
https://www.google.com/maps/place/Twelve+Three+Media+a+Digital+Marketing+Company/data=!4m7!3m6!1s0x876b8887015240c3:0xb159d873b95711fd!8m2!3d39.7546193!4d-105.2201664!16s%2Fg%2F11cp5vjdty!19sChIJw0BSAYeIa4cR_RFXuXPYWbE?authuser=0&hl=en&rclk=1,Twelve Three Media a Digital Marketing Company,4.5,(11),Marketing agency,·,+1 720-580-1233,https://www.digitalmarketingcompany.com/?utm_source=GBP&utm_medium=organic&utm_campaign=golden,,,
https://www.google.com/maps/place/Elevate+Advertising/data=!4m7!3m6!1s0x876b8776e85269fb:0x90f76e08fa60ec0c!8m2!3d39.7322457!4d-104.9906841!16s%2Fg%2F11c524cjsl!19sChIJ-2lS6HaHa4cRDOxg-ghu95A?authuser=0&hl=en&rclk=1,Elevate Advertising,5.0,(13),Marketing agency,·,+1 720-515-6503,https://whyelevate.com/,,https://www.instagram.com/elevateadvertising/,https://x.com/ElevatePlug/
https://www.google.com/maps/place/Twelve+Three+Media+a+Digital+Marketing+Company/data=!4m7!3m6!1s0x876c7f0009623f51:0x3d6b6e7a404e5556!8m2!3d39.736578!4d-104.9868224!16s%2Fg%2F11vwxs95vg!19sChIJUT9iCQB_bIcRVlVOQHpuaz0?authuser=0&hl=en&rclk=1,Twelve Three Media a Digital Marketing Company,5.0,(8),Internet marketing service,1290 Broadway ste 1175,+1 720-580-1233,http://digitalmarketingcompany.com/?utm_source=GBP&utm_medium=organic&utm_campaign=denver,,,
https://www.google.com/maps/place/Smart+Local+IQ/data=!4m7!3m6!1s0xe8e449f82f90fc7:0xf0125eb859c3ca38!8m2!3d39.7421313!4d-104.987072!16s%2Fg%2F11vqh2ltw6!19sChIJxw_5gp9Ejg4ROMrDWbheEvA?authuser=0&hl=en&rclk=1,Smart Local IQ,4.9,(29),Internet marketing service,1600 Broadway #1600,+1 303-616-3191,https://smartlocaliq.com/,info@smartlocaliq.com,https://www.instagram.com/smartlocaliq/,
https://www.google.com/maps/place/COHN+Marketing/data=!4m7!3m6!1s0x876c7899e3f935ad:0x617a9523d53f7278!8m2!3d39.7069!4d-104.934414!16s%2Fg%2F1tp8_jl6!19sChIJrTX545l4bIcReHI_1SOVemE?authuser=0&hl=en&rclk=1,COHN Marketing,4.9,(16),Marketing agency,·,+1 303-839-1415,https://cohnmarketing.com/,hello@cohnmarketing.com; jeff@cohnmarketing.com,https://www.instagram.com/cohnmarketing/,
https://www.google.com/maps/place/Oasis/data=!4m7!3m6!1s0x876c7f53fb4bd8df:0x79593d31704f39dd!8m2!3d39.7186832!4d-104.9596962!16s%2Fg%2F11y75fb136!19sChIJ39hL-1N_bIcR3TlPcDE9WXk?authuser=0&hl=en&rclk=1,Oasis,5.0,(24),Marketing agency,101 University Blvd,+1 720-674-7281,https://www.oasisseocompanydenver.click/contact/,,,
https://www.google.com/maps/place/FlowState+Branding/data=!4m7!3m6!1s0x876c791a3c5e7967:0xbcea91f2f1e5fff7!8m2!3d39.778509!4d-104.9921634!16s%2Fg%2F11c0xqb554!19sChIJZ3lePBp5bIcR9__l8fKR6rw?authuser=0&hl=en&rclk=1,FlowState Branding,5.0,(36),Advertising agency,·,+1 720-336-3311,http://www.flowstatebranding.com/,inbound@flowstatebranding.com,https://www.instagram.com/flowstatebranding/,
https://www.google.com/maps/place/Ablaka+Digital+Agency/data=!4m7!3m6!1s0x876c89dd4a0f3f25:0x64acdb691c1546a4!8m2!3d39.6652727!4d-104.8611047!16s%2Fg%2F11g20hpdg3!19sChIJJT8PSt2JbIcRpEYVHGnbrGQ?authuser=0&hl=en&rclk=1,Ablaka Digital Agency,5.0,(20),Internet marketing service,·,+1 719-881-8195,http://ablaka.com/,,,
https://www.google.com/maps/place/X3+Marketing+Group+%7C+Digital+Marketing+Agency/data=!4m7!3m6!1s0x876c7522956a385d:0x597f82a4f545a863!8m2!3d39.9585954!4d-105.0275696!16s%2Fg%2F11qn1gk2w6!19sChIJXThqlSJ1bIcRY6hF9aSCf1k?authuser=0&hl=en&rclk=1,X3 Marketing Group | Digital Marketing Agency,5.0,(90),Marketing agency,·,+1 720-443-5059,https://xthreemarketing.com/,info@xthreemarketing.com,,
https://www.google.com/maps/place/Bluehour+Digital+Marketing/data=!4m7!3m6!1s0x549015ebfe727563:0xa8c25aa0c4ea9db0!8m2!3d39.7531595!4d-104.9970625!16s%2Fg%2F11j1fx7jym!19sChIJY3Vy_usVkFQRsJ3qxKBawqg?authuser=0&hl=en&rclk=1,Bluehour Digital Marketing,5.0,(6),Marketing agency,1800 Wazee St Suite 300,,https://bluehourdigital.com/,,https://www.instagram.com/bluehourdigital/,https://x.com/bluehourdigital/
https://www.google.com/maps/place/Denver+Advertising-Award+Winning+Ad+Agency/data=!4m7!3m6!1s0x876c859374402373:0x40d4f2317043387f!8m2!3d39.5946734!4d-104.8974179!16s%2Fg%2F1tg6w5kx!19sChIJcyNAdJOFbIcRfzhDcDHy1EA?authuser=0&hl=en&rclk=1,Denver Advertising-Award Winning Ad Agency,4.1,(9),Marketing agency,·,+1 303-777-6253,http://www.denveradvertising.com/,info@denveradvertising.com,,
https://www.google.com/maps/place/Griffin+Digital/data=!4m7!3m6!1s0xf39b60b29b28009:0x6a859281736a7a4a!8m2!3d39.6399096!4d-104.8964855!16s%2Fg%2F11tbzw20_4!19sChIJCYCyKQu2OQ8RSnpqc4GShWo?authuser=0&hl=en&rclk=1,Griffin Digital,5.0,(22),Marketing agency,,+1 877-570-3154,https://griffindigital.com/,,https://www.instagram.com/griffindigi/,https://x.com/GriffinDigi/
https://www.google.com/maps/place/VectorDefector/data=!4m7!3m6!1s0x876c7952d47d6807:0xf4a265919f73c78f!8m2!3d39.732229!4d-104.948216!16s%2Fg%2F1tdnxd57!19sChIJB2h91FJ5bIcRj8dzn5FlovQ?authuser=0&hl=en&rclk=1,VectorDefector,5.0,(5),Web Designer,1004 Adams Street,(720) 443-0380,https://www.google.com/aclk?sa=L&ai=DChsSEwif6sXWl-2RAxXEXw8CHdsDA3AYACICCAEQARoCdGI&co=1&ase=2&gclid=Cj0KCQiA9t3KBhCQARIsAJOcR7x3-5TPRR_HXRfcwzcNZyGnHn9kExrvlk7XBHsAMe8fvBmO_dSOEdsaArRyEALw_wcB&cid=CAASZuRoby2e45frHmYb5Xcs9v82Wq1EdgaoBXfU_WEzlUAHnXHqTb9aOPmuGmkSvlXmilPO7Q4NYn5xeFmzds5asTsAq1377splMJbK4uYN7T-jqRJJkv7XF0sfEcShdEsNfhFCT-R5-w&cce=2&category=acrcp_v1_32&sig=AOD64_1w32xyLR78by-YWQ5faAUJnRPvNA&adurl&q&ctype=99&nis=6,,,
"https://www.google.com/maps/place/PRYDE+Designs+-+Denver+Web+Design,+Logo,+Branding/data=!4m7!3m6!1s0x876b81c666fc98e5:0xf957e869b063a7b0!8m2!3d39.767594!4d-104.976838!16s%2Fg%2F11fn00vh3h!19sChIJ5Zj8ZsaBa4cRsKdjsGnoV_k?authuser=0&hl=en&rclk=1","PRYDE Designs - Denver Web Design, Logo, Branding",4.9,(55),Web Designer,3410 Blake Street,(720) 730-7702,https://www.google.com/aclk?sa=L&ai=DChsSEwif6sXWl-2RAxXEXw8CHdsDA3AYACICCAEQBBoCdGI&co=1&ase=2&gclid=Cj0KCQiA9t3KBhCQARIsAJOcR7wECZGzg3rmQdLE6gnAy3awu58T1gjHbQsGe13VS1MXqXHdTdVmMIEaAt_dEALw_wcB&cid=CAASZuRoby2e45frHmYb5Xcs9v82Wq1EdgaoBXfU_WEzlUAHnXHqTb9aOPmuGmkSvlXmilPO7Q4NYn5xeFmzds5asTsAq1377splMJbK4uYN7T-jqRJJkv7XF0sfEcShdEsNfhFCT-R5-w&cce=2&category=acrcp_v1_32&sig=AOD64_3t_098am_9xilbBevZEjPaHAvH_A&adurl&q&ctype=99&nis=6,,,
https://www.google.com/maps/place/Common+Good/data=!4m7!3m6!1s0x876c7ecb316e254d:0x281e27631694e132!8m2!3d39.7401828!4d-104.9594232!16s%2Fg%2F1tddy7xc!19sChIJTSVuMct-bIcRMuGUFmMnHig?authuser=0&hl=en&rclk=1,Common Good,4.6,(10),Marketing agency,·,+1 303-333-2936,https://www.commongood.co/,,https://www.instagram.com/wearecommongood/,https://x.com/CommonGood_Agy/
https://www.google.com/maps/place/Citadel+Digital+Agency/data=!4m7!3m6!1s0x876c7f1dc2f9839d:0xe1bb5c17491957be!8m2!3d39.7245837!4d-104.9989852!16s%2Fg%2F11btysrpnz!19sChIJnYP5wh1_bIcRvlcZSRdcu-E?authuser=0&hl=en&rclk=1,Citadel Digital Agency,4.7,(7),Marketing agency,·,+1 720-744-2060,http://citadeldigital.com/,,https://www.instagram.com/citadeldigitalagency/,https://x.com/citadeldenver/
https://www.google.com/maps/place/Max+Effect+Marketing/data=!4m7!3m6!1s0x876c86e3947130cf:0xc2682a760ac2d067!8m2!3d39.653802!4d-104.8141686!16s%2Fg%2F11b8_89gst!19sChIJzzBxlOOGbIcRZ9DCCnYqaMI?authuser=0&hl=en&rclk=1,Max Effect Marketing,4.5,(17),Marketing agency,14901 E Hampden Ave Suite #325,+1 866-284-3629,https://www.maxeffectmarketing.com/,,https://www.instagram.com/maxeffectmarketing/,https://x.com/MaxEffectMarket/
https://www.google.com/maps/place/Lead+Climber+Marketing/data=!4m7!3m6!1s0x876b9ac42f196d43:0x6bcb0a98d47f2b88!8m2!3d39.7464064!4d-104.9851927!16s%2Fg%2F1vxf_nkp!19sChIJQ20ZL8Saa4cRiCt_1JgKy2s?authuser=0&hl=en&rclk=1,Lead Climber Marketing,5.0,(1),Marketing agency,·,+1 720-331-3085,https://leadclimbermarketing.com/,,https://www.instagram.com/leadclimber/,
https://www.google.com/maps/place/Ten26+Media/data=!4m7!3m6!1s0x876c792ef3deb487:0x447775120cf89bdc!8m2!3d39.7071581!4d-104.9341439!16s%2Fg%2F1pv6z7l27!19sChIJh7Te8y55bIcR3Jv4DBJ1d0Q?authuser=0&hl=en&rclk=1,Ten26 Media,5.0,(8),Advertising agency,·,+1 720-303-0720,https://www.ten26media.com/,jason@ten26media.com; sayhello@ten26media.com,https://www.instagram.com/ten26media/,https://x.com/ten26media/
https://www.google.com/maps/place/Pico+Digital+Marketing/data=!4m7!3m6!1s0x876c66a290e8c6fd:0x819c6e1b489e067!8m2!3d46.423669!4d-79.5417226!16s%2Fg%2F1q69m_bwx!19sChIJ_cbokKJmbIcRZ-CJtOHGGQg?authuser=0&hl=en&rclk=1,Pico Digital Marketing,,,Marketing agency,,+1 303-594-6634,https://www.picodigital.ai/,,,https://x.com/PicoMarketing/
https://www.google.com/maps/place/Anchovies/data=!4m7!3m6!1s0x876c7eb5179be9cf:0xfb8aa9458a6378cb!8m2!3d39.7523673!4d-104.9995915!16s%2Fg%2F11b7y7q8cx!19sChIJz-mbF7V-bIcRy3hjikWpivs?authuser=0&hl=en&rclk=1,Anchovies,4.9,(79),Marketing agency,·,+1 720-470-2577,http://anchovies.agency/,,https://www.instagram.com/anchovies.agency/,
https://www.google.com/maps/place/Digital+Marketing+1on1+SEO/data=!4m7!3m6!1s0x876c7f4ec07fca29:0xa5a7290bdc683d1b!8m2!3d39.7287821!4d-104.9978919!16s%2Fg%2F11mcpr_tlt!19sChIJKcp_wE5_bIcRGz1o3Aspp6U?authuser=0&hl=en&rclk=1,Digital Marketing 1on1 SEO,5.0,(4),Internet marketing service,810 W 8th Ave,+1 818-538-4805,https://www.marketing1on1.com/internet-marketing-seo-denver/,,https://www.instagram.com/marketing1on1/,https://x.com/marketing1_on_1/
https://www.google.com/maps/place/Location3/data=!4m7!3m6!1s0x876c63c6d898b0bf:0xe0c93ff420888eaf!8m2!3d39.746184!4d-104.9938791!16s%2Fg%2F1tklr0vy!19sChIJv7CY2MZjbIcRr46IIPQ_yeA?authuser=0&hl=en&rclk=1,Location3,4.0,(17),Marketing agency,·,+1 720-779-3687,https://location3.com/?utm_source=google&utm_medium=local&utm_campaign=localmaps&utm_content=1,hello@location3.com,https://www.instagram.com/location3/,https://x.com/location3/
https://www.google.com/maps/place/LEIRA+Digital/data=!4m7!3m6!1s0x876c792923a2b2a5:0xe28651a05f069f31!8m2!3d39.7453651!4d-104.9906385!16s%2Fg%2F11ftws273c!19sChIJpbKiIyl5bIcRMZ8GX6BRhuI?authuser=0&hl=en&rclk=1,LEIRA Digital,5.0,(26),Marketing agency,600 17th St UNIT 2800,+1 303-481-2863,http://www.leiradigital.com/,hello@leiradigital.com,https://www.instagram.com/leiradigital/,
https://www.google.com/maps/place/Green+Digital+Umbrella+marketing/data=!4m7!3m6!1s0x876c7d00378758df:0x11fb1969d0ead55a!8m2!3d39.6864753!4d-104.9374726!16s%2Fg%2F11wwg37k9n!19sChIJ31iHNwB9bIcRWtXq0GkZ-xE?authuser=0&hl=en&rclk=1,Green Digital Umbrella marketing,5.0,(10),Marketing consultant,"CO, 4295 E Mexico Ave unit 603",+1 720-688-1009,https://gdumarketing.com/,info@gdumarketing.com,,
https://www.google.com/maps/place/HypeDeck+Digital+%28Pvt%29+Ltd./data=!4m7!3m6!1s0x3ae25bf8e0d39a99:0xc426ee83349d26ba!8m2!3d6.8653439!4d79.8952838!16s%2Fg%2F11nl74bfy5!19sChIJmZrT4Phb4joRuiadNIPuJsQ?authuser=0&hl=en&rclk=1,HypeDeck Digital (Pvt) Ltd.,5.0,(42),Marketing agency,"203, Building, 292 High Level Rd",077 690 2448,https://hypedeckdigital.com/,,,
https://www.google.com/maps/place/Digital+First+Marketing/data=!4m7!3m6!1s0x876c7e44c607e7e7:0x984556f2cc4ed913!8m2!3d39.6891934!4d-104.9701965!16s%2Fg%2F11bwfh_v7m!19sChIJ5-cHxkR-bIcRE9lOzPJWRZg?authuser=0&hl=en&rclk=1,Digital First Marketing,5.0,(2),Marketing agency,·,+1 303-550-7772,https://www.digitalfirstmarketing.net/,,,
"https://www.google.com/maps/place/Loudr+Agency+-+Denver,+CO/data=!4m7!3m6!1s0x876c791a3d219b75:0x1fe88a2b35860287!8m2!3d39.7465874!4d-104.9832755!16s%2Fg%2F11bzyn97xz!19sChIJdZshPRp5bIcRhwKGNSuK6B8?authuser=0&hl=en&rclk=1","Loudr Agency - Denver, CO",5.0,(5),Advertising agency,·,+1 303-658-0019,https://loudr.agency/,,https://www.instagram.com/loudr.agency/,
https://www.google.com/maps/place/Allegiant+Digital+Marketing/data=!4m7!3m6!1s0x876c79b4e37447a1:0xe50e3082375d564e!8m2!3d39.7409541!4d-104.9876458!16s%2Fg%2F11yf1q1r1g!19sChIJoUd047R5bIcRTlZdN4IwDuU?authuser=0&hl=en&rclk=1,Allegiant Digital Marketing,5.0,(1),Internet marketing service,"16th & 17th Floors, 1560 Broadway Suite 1779",+1 303-368-9800,https://allegiantdigital.com/denver/,,,
https://www.google.com/maps/place/Digital+Marketing+Solutions+LLC/data=!4m7!3m6!1s0x876c7ee6f1332005:0x1475785f95af474c!8m2!3d39.7159733!4d-104.9772248!16s%2Fg%2F11fz9jfjvl!19sChIJBSAz8eZ-bIcRTEevlV94dRQ?authuser=0&hl=en&rclk=1,Digital Marketing Solutions LLC,5.0,(2),Internet marketing service,25 S Emerson St UNIT 105,+1 214-608-3670,,,,
https://www.google.com/maps/place/Ocean+Wide+Media+Group+-+Digital+Marketing/data=!4m7!3m6!1s0x876c7f7be4615555:0xb3e9dff837b08b33!8m2!3d39.698201!4d-105.0255836!16s%2Fg%2F11l5tmkh8c!19sChIJVVVh5Ht_bIcRM4uwN_jf6bM?authuser=0&hl=en&rclk=1,Ocean Wide Media Group - Digital Marketing,5.0,(3),Marketing agency,1007 S Federal Blvd,+1 720-334-0899,https://theoceanwide.com/,,https://www.instagram.com/oceanwidemedia/,
https://www.google.com/maps/place/BRANDcrafted+Marketing/data=!4m7!3m6!1s0x876c79ebe68f1ac9:0x63095d9278a8bf2c!8m2!3d39.779848!4d-105.0074575!16s%2Fg%2F11h3ftcr3c!19sChIJyRqP5ut5bIcRLL-oeJJdCWM?authuser=0&hl=en&rclk=1,BRANDcrafted Marketing,5.0,(17),Marketing agency,1766 W 46th Ave,+1 917-520-5510,https://www.brandcraftedmarketing.com/,hello@brandcraftedmarketing.com,https://www.instagram.com/brandcraftedmktg/,
https://www.google.com/maps/place/Mile+High+Marketing+Guy/data=!4m7!3m6!1s0x876c7e9bc4012733:0xd269a8896d4009!8m2!3d39.7157354!4d-104.9475783!16s%2Fg%2F11hb36cbm0!19sChIJMycBxJt-bIcRCUBtiahp0gA?authuser=0&hl=en&rclk=1,Mile High Marketing Guy,5.0,(18),Marketing agency,1 S Madison St,+1 303-630-9430,https://www.milehighmarketingguy.com/,info@milehighmarketingguy.com,https://www.instagram.com/jerad.larkin/,
https://www.google.com/maps/place/Astash/data=!4m7!3m6!1s0x44e655d1275ad0bb:0xb31fa58aaa6fbb3c!8m2!3d39.7421313!4d-104.987072!16s%2Fg%2F11tk26zvpl!19sChIJu9BaJ9FV5kQRPLtvqoqlH7M?authuser=0&hl=en&rclk=1,Astash,4.9,(10),Internet marketing service,1600 Broadway #1600,+1 888-584-5430,https://www.astash.com/,support@astash.com,,
https://www.google.com/maps/place/VectorDefector/data=!4m7!3m6!1s0x876c7952d47d6807:0xf4a265919f73c78f!8m2!3d39.732229!4d-104.948216!16s%2Fg%2F1tdnxd57!19sChIJB2h91FJ5bIcRj8dzn5FlovQ?authuser=0&hl=en&rclk=1,VectorDefector,5.0,(5),Web Designer,1004 Adams Street,(720) 443-0380,https://www.google.com/aclk?sa=L&ai=DChsSEwiR7Ybal-2RAxWb2xYFHVQhMt0YACICCAEQARoCdGw&co=1&ase=2&gclid=Cj0KCQiA9t3KBhCQARIsAJOcR7yT-GNJvQSJZIlpfGfWnuCRGdBB09BigwDOqGlTQrcelFXd5RYu0xwaArScEALw_wcB&cid=CAASZuRojVFvBOCY32g0L9_cu8pbsklbPgaiJ36R_nWkmTCBmIk1ZHPy63QLx-7Xew3Ln4FurMsFWhIK-GRO8ZKiTs8F1jCa8QnYTlM-VPPljycCozo9nu37pClWnm2Fr4_TURKNZscrhA&cce=2&category=acrcp_v1_32&sig=AOD64_1KdJ8mDiIrGYl1yFO_grAPOJQwdw&adurl&q&ctype=99&nis=6,,,
"https://www.google.com/maps/place/PRYDE+Designs+-+Denver+Web+Design,+Logo,+Branding/data=!4m7!3m6!1s0x876b81c666fc98e5:0xf957e869b063a7b0!8m2!3d39.767594!4d-104.976838!16s%2Fg%2F11fn00vh3h!19sChIJ5Zj8ZsaBa4cRsKdjsGnoV_k?authuser=0&hl=en&rclk=1","PRYDE Designs - Denver Web Design, Logo, Branding",4.9,(55),Web Designer,3410 Blake Street,(720) 730-7702,https://www.google.com/aclk?sa=L&ai=DChsSEwiR7Ybal-2RAxWb2xYFHVQhMt0YACICCAEQABoCdGw&co=1&ase=2&gclid=Cj0KCQiA9t3KBhCQARIsAJOcR7ywD5Mmtjp2MSEa2LrtAZVOtyRcpCUY2CqdPUgBEvYAM4oS2Vow-QYaAl-tEALw_wcB&cid=CAASZuRojVFvBOCY32g0L9_cu8pbsklbPgaiJ36R_nWkmTCBmIk1ZHPy63QLx-7Xew3Ln4FurMsFWhIK-GRO8ZKiTs8F1jCa8QnYTlM-VPPljycCozo9nu37pClWnm2Fr4_TURKNZscrhA&cce=2&category=acrcp_v1_32&sig=AOD64_3T9K_FwQAgcKjRB2flZNgEpmrjcg&adurl&q&ctype=99&nis=6,,,
https://www.google.com/maps/place/BSM+-+A+Downtown+Denver+SEO+Company/data=!4m7!3m6!1s0x876c79c1c5a691b7:0x6b464af5d5ddfd5c!8m2!3d39.7414541!4d-104.9820575!16s%2Fg%2F11xmlzy8wy!19sChIJt5GmxcF5bIcRXP3d1fVKRms?authuser=0&hl=en&rclk=1,BSM - A Downtown Denver SEO Company,5.0,(1),Internet marketing service,1580 Logan St Floor 6,+1 720-295-5220,https://boulderseomarketing.com/downtown-denver-seo/,info@boulderseomarketing.com,,https://x.com/MarketingSEOWiz/
https://www.google.com/maps/place/NEWMEDIA.COM/data=!4m7!3m6!1s0x876c78dcee02e021:0xa4c41ea1f859724b!8m2!3d39.7499206!4d-104.9987825!16s%2Fg%2F1tksj8rj!19sChIJIeAC7tx4bIcRS3JZ-KEexKQ?authuser=0&hl=en&rclk=1,NEWMEDIA.COM,4.8,(35),Marketing agency,·,+1 303-860-6050,https://newmedia.com/denver-digital-marketing-agency,info@newmedia.com,https://www.instagram.com/newmedia/,https://x.com/newmedia/
https://www.google.com/maps/place/Mobile+OPZ/data=!4m7!3m6!1s0x876c6b7d4032fcdb:0x8e7683cdf4b13ce6!8m2!3d39.7451302!4d-104.9910321!16s%2Fg%2F11c1tdljhz!19sChIJ2_wyQH1rbIcR5jyx9M2Ddo4?authuser=0&hl=en&rclk=1,Mobile OPZ,5.0,(53),Internet marketing service,600 17th St Suite 2807E,+1 720-492-9625,http://www.mobileopz.com/,,https://www.instagram.com/broncorandy84/,
https://www.google.com/maps/place/Wired+Mustang+Inc./data=!4m7!3m6!1s0x876c8700ff600999:0x43460f5a3ae25a6b!8m2!3d39.5861066!4d-104.8675287!16s%2Fg%2F11gd2f9xxs!19sChIJmQlg_wCHbIcRa1riOloPRkM?authuser=0&hl=en&rclk=1,Wired Mustang Inc.,5.0,(50),Marketing agency,7173 S Havana St SUITE: 600-276,+1 303-974-5281,http://www.wiredmustang.com/,anna@wiredmustang.com; dave@wiredmustang.com; info@wiredmustang.com,https://www.instagram.com/wiredmustang/,
https://www.google.com/maps/place/Green+Vine+Marketing/data=!4m7!3m6!1s0x876c78d727bbeced:0xda6147e9341268c5!8m2!3d39.7453023!4d-104.9908084!16s%2Fg%2F1pp2tl8rs!19sChIJ7ey7J9d4bIcRxWgSNOlHYdo?authuser=0&hl=en&rclk=1,Green Vine Marketing,4.2,(13),Internet marketing service,600 17th St #2810,+1 720-295-8463,http://greenvinemarketing.com/,info@greenvinemarketing.com,,
https://www.google.com/maps/place/BRANDING+IS+WHAT+WE+DO/data=!4m7!3m6!1s0x876c797c84b956e7:0xf9d990129cd3ba1a!8m2!3d39.7491649!4d-104.9961904!16s%2Fg%2F11g2rvwgjc!19sChIJ51a5hHx5bIcRGrrTnBKQ2fk?authuser=0&hl=en&rclk=1,BRANDING IS WHAT WE DO,4.9,(46),Marketing agency,1200 17th St floor 10,+1 303-396-0292,https://brandingiswhatwedo.com/,,https://www.instagram.com/brandingiswhatwedo/,https://x.com/BrandingDo/
https://www.google.com/maps/place/Big+Orange+Planet+%7C+Denver+Web+Design/data=!4m7!3m6!1s0x876c7895355d6045:0xaad9e1df6aa1a1d6!8m2!3d39.7568693!4d-105.0091386!16s%2Fg%2F1hf14981v!19sChIJRWBdNZV4bIcR1qGhat_h2ao?authuser=0&hl=en&rclk=1,Big Orange Planet | Denver Web Design,4.9,(56),Marketing agency,·,+1 720-272-0770,https://www.bigorangeplanet.com/denver-web-design/,sales@bigorangeplanet.com,,
https://www.google.com/maps/place/1+Internet+Marketing+of+Denver/data=!4m7!3m6!1s0x47454dddee42d31d:0x5616dbbebcd7be53!8m2!3d39.7414541!4d-104.9820575!16s%2Fg%2F11xntszr59!19sChIJHdNC7t1NRUcRU77XvL7bFlY?authuser=0&hl=en&rclk=1,1 Internet Marketing of Denver,5.0,(1),Marketing agency,1580 Logan St Suite 600 Office 39,+1 720-464-2643,https://1internetmarketing.com/denver-web-design-seo/,,https://www.instagram.com/1internetm/,https://x.com/1iMarketing/
https://www.google.com/maps/place/Digible+Inc./data=!4m7!3m6!1s0x876c7fc44d927555:0x195361225e088e93!8m2!3d39.6547187!4d-104.9871695!16s%2Fg%2F11ghn72l5j!19sChIJVXWSTcR_bIcRk44IXiJhUxk?authuser=0&hl=en&rclk=1,Digible Inc.,5.0,(40),Marketing agency,·,+1 303-351-6659,https://digible.com/?utm_source=gbp&utm_medium=organic&utm_campaign=gbp_link,hello@digible.com,https://www.instagram.com/digibleinc/,https://x.com/intent/
https://www.google.com/maps/place/Folks+Marketing/data=!4m7!3m6!1s0x876c89f766394fed:0x15016f85acb3c536!8m2!3d39.6533422!4d-104.7643079!16s%2Fg%2F11fn9fl0l8!19sChIJ7U85ZveJbIcRNsWzrIVvARU?authuser=0&hl=en&rclk=1,Folks Marketing,4.9,(56),Marketing agency,·,+1 720-500-7669,https://folks.marketing/,,https://www.instagram.com/folksllc/,
https://www.google.com/maps/place/Elevation+Marketing%E2%84%A2/data=!4m7!3m6!1s0x876b83e71ca349a5:0x2b38d07e491fa602!8m2!3d14.1576412!4d-106.6918595!16s%2Fg%2F11f11pybjb!19sChIJpUmjHOeDa4cRAqYfSX7QOCs?authuser=0&hl=en&rclk=1,Elevation Marketing™,5.0,(24),Marketing agency,,+1 888-744-3463,https://elevmarketing.com/?utm_source=google&utm_medium=organic&utm_campaign=gmb,,https://www.instagram.com/elevationdigitalmarketing/,https://x.com/elevation_mktg/
https://www.google.com/maps/place/Digital+Vibez/data=!4m7!3m6!1s0x24da1fb408c1968b:0xd637b6b89117d1bb!8m2!3d39.7402887!4d-104.9831982!16s%2Fg%2F11x__yf3h3!19sChIJi5bBCLQf2iQRu9EXkbi2N9Y?authuser=0&hl=en&rclk=1,Digital Vibez,5.0,(2),Marketing agency,1500 N Grant St STE 5718,+1 720-803-5712,https://digitalvibez.us/,steve@digitalvibez.us,,
https://www.google.com/maps/place/Digital+Marketing+Dude+LLC/data=!4m7!3m6!1s0x876c75707e634761:0x6889c3df207ed6e2!8m2!3d39.9144407!4d-105.0037813!16s%2Fg%2F11c2jlnwk3!19sChIJYUdjfnB1bIcR4tZ-IN_DiWg?authuser=0&hl=en&rclk=1,Digital Marketing Dude LLC,5.0,(28),Marketing agency,·,+1 720-389-0450,https://dmdude.com/?utm_source=gbp_source&utm_medium=gbp_medium&utm_campaign=gbp,,,https://x.com/denverpete/
https://www.google.com/maps/place/Kinetic319/data=!4m7!3m6!1s0x876c7969d513d9f1:0x4171cbfec410652!8m2!3d39.7532096!4d-104.9968463!16s%2Fg%2F11v0jmznhf!19sChIJ8dkT1Wl5bIcRUgZB7L8cFwQ?authuser=0&hl=en&rclk=1,Kinetic319,4.8,(16),Advertising agency,·,+1 303-578-8257,https://www.kinetic319.com/,,,https://x.com/kinetic319/
https://www.google.com/maps/place/Screen+Pilot/data=!4m7!3m6!1s0x876c7e972548787b:0xc092aab5d00a4351!8m2!3d39.7512903!4d-104.9968649!16s%2Fg%2F12hplkgbd!19sChIJe3hIJZd-bIcRUUMK0LWqksA?authuser=0&hl=en&rclk=1,Screen Pilot,4.7,(3),Marketing agency,·,+1 877-246-8747,https://screenpilot.com/?utm_source=GoogleMyBusiness&utm_medium=organic&utm_campaign=GMB&utm_term=SP,,,
https://www.google.com/maps/place/Bounce+Back+Digital/data=!4m7!3m6!1s0x88d9abbfe45b6cef:0x4f27b024451fcb98!8m2!3d39.7453651!4d-104.9906385!16s%2Fg%2F11bbsz39qk!19sChIJ72xb5L-r2YgRmMsfRSSwJ08?authuser=0&hl=en&rclk=1,Bounce Back Digital,5.0,(6),Marketing agency,600 17th St Suite 2800C,+1 866-265-0733,http://www.bouncebackdigital.com/?utm_source=GMB&utm_id=GMB,info@bouncebackdigital.com,,https://x.com/BBackDigital/
https://www.google.com/maps/place/DoMedia/data=!4m7!3m6!1s0x3ae2572cfd091d1f:0xe78a390de24a04db!8m2!3d6.9050268!4d79.9520785!16s%2Fg%2F11gbx9yghg!19sChIJHx0J_SxX4joR2wRK4g05iuc?authuser=0&hl=en&rclk=1,DoMedia,4.9,(19),Marketing agency,·,0114 503 606,https://www.domedia.lk/,,,
https://www.google.com/maps/place/HypeX+Digital+Marketing+Agency/data=!4m7!3m6!1s0x3ae2512f1f19e23b:0x3c7bab1cda5c54a8!8m2!3d6.9116564!4d79.8862415!16s%2Fg%2F11hz8xng1l!19sChIJO-IZHy9R4joRqFRc2hyrezw?authuser=0&hl=en&rclk=1,HypeX Digital Marketing Agency,5.0,(49),Marketing agency,"16/1/C Kotte Road, Lane",0113 487 300,https://www.hypesrilanka.com/,,,
https://www.google.com/maps/place/Kickstart+Dental+Marketing/data=!4m7!3m6!1s0x876c91faefb2dbe5:0x19711542aee7a165!8m2!3d39.7322457!4d-104.9906841!16s%2Fg%2F1hc6mvcj2!19sChIJ5duy7_qRbIcRZaHnrkIVcRk?authuser=0&hl=en&rclk=1,Kickstart Dental Marketing,4.8,(34),Internet marketing service,·,+1 303-872-6067,https://kickstartdental.com/,,https://www.instagram.com/kickstartdental/,
https://www.google.com/maps/place/Revo+Revolution+Advertising+Agency/data=!4m7!3m6!1s0x3ae257efd5e431c1:0x680d90024730c40c!8m2!3d6.9048018!4d79.9248637!16s%2Fg%2F11g4dblb34!19sChIJwTHk1e9X4joRDMQwRwKQDWg?authuser=0&hl=en&rclk=1,Revo Revolution Advertising Agency,4.9,(78),Marketing agency,174 Kaduwela Rd,071 541 8199,http://www.revo.lk/,work@revo.lk,https://www.instagram.com/revo_advertising/,https://x.com/revoadvertising/
