place_id,business_name,rating,reviews,category,W4Efsd (2),address,W4Efsd (4),W4Efsd (5),W4Efsd (6),whatsapp_number,website,Cw1rxd,R8c4Qb,Cw1rxd (2),R8c4Qb (2),Jn12ke src,comments,ah5Ghc (2),ah5Ghc (3),doJOZc,W4Efsd (7),e4rVHe
https://www.google.com/maps/place/Makka+Constructions/data=!4m7!3m6!1s0x6b12bb5f7f3ee517:0xe11a381d460091fe!8m2!3d-33.8647242!4d151.0601589!16s%2Fg%2F11c3k9ks6d!19sChIJF-U-f1-7EmsR_pEARh04GuE?authuser=0&hl=en&rclk=1,Makka Constructions,5.0,(13),Construction company,·,161 Arthur St,Closes soon,· 6 PM · Opens 7 AM Wed,·,+61 404 610 404,https://makkaconstructions.com.au/,,Website,,Directions,,,,,,,
https://www.google.com/maps/place/Ryan+Jones+Building+Co+Pty+Ltd/data=!4m7!3m6!1s0x6b12b3792f601e05:0x3d779d9786cafc15!8m2!3d-33.8482439!4d150.9319747!16s%2Fg%2F11g0m35w_r!19sChIJBR5gL3mzEmsRFfzKhpeddz0?authuser=0&hl=en&rclk=1,Ryan Jones Building Co Pty Ltd,5.0,(11),Construction company,·,,Closed,· Opens 8 AM Wed,,+61 499 909 542,http://www.ryanjonesbuildingco.com.au/,,Website,,Directions,https://ssl.gstatic.com/local/servicebusiness/default_user.png,"""Job ran smoothly with good planning and communication.""",,,,,
https://www.google.com/maps/place/LP+Construction+Group/data=!4m7!3m6!1s0x6b12986c2ad782e5:0xc0836f118d5b236!8m2!3d-33.8168392!4d151.0052605!16s%2Fg%2F11g0hmr2pk!19sChIJ5YLXKmyYEmsRNrLVGPE2CAw?authuser=0&hl=en&rclk=1,LP Construction Group,4.6,(21),Construction company,·,Level 14/3 Parramatta Sq,Closes soon,· 6 PM · Opens 7:30 AM Wed,·,+61 433 634 727,http://www.lpconstructions.com/,,Website,,Directions,https://ssl.gstatic.com/local/servicebusiness/default_user.png,"""Make sure to contact him regarding your development project""",,,,,
https://www.google.com/maps/place/Welch+Construction+Group/data=!4m7!3m6!1s0x6b12a1ea9e407159:0x2cee64703043c54c!8m2!3d-33.7086073!4d150.9501139!16s%2Fg%2F11s77_1nm2!19sChIJWXFAnuqhEmsRTMVDMHBk7iw?authuser=0&hl=en&rclk=1,Welch Construction Group,5.0,(70),Home builder,·,12 Ellerstone Ct,Open,· Closes 7 PM,·,+61 451 121 612,https://welchconstructiongroup.com.au/,,Website,,Directions,https://ssl.gstatic.com/local/servicebusiness/default_user.png,"""Came in, sorted the project, cleaned up every day and the work was great.""",,,,,
https://www.google.com/maps/place/New+South+Construction+Group/data=!4m7!3m6!1s0x300d3e18b055905:0x976d29e86f2e967c!8m2!3d-33.8221508!4d151.0100578!16s%2Fg%2F11vm28_6jb!19sChIJBVkFi-HTAAMRfJYub-gpbZc?authuser=0&hl=en&rclk=1,New South Construction Group,5.0,(30),Construction company,·,6 Albion St,Open,· Closes 7 PM,·,+61 489 277 770,http://newsouthcg.com.au/,,Website,,Directions,https://ssl.gstatic.com/local/servicebusiness/default_user.png,"""He came out quoted the job and had it finished the next day.""",,,,,
https://www.google.com/maps/place/Waterfront+Constructions/data=!4m7!3m6!1s0x6b12c71a3988b3cf:0xbed183fec1075d60!8m2!3d-34.0236413!4d151.0800664!16s%2Fg%2F11mw7n8m8b!19sChIJz7OIORrHEmsRYF0Hwf6D0b4?authuser=0&hl=en&rclk=1,Waterfront Constructions,5.0,(28),Construction company,·,Unit 5/9-11 Ethell Rd,Closes soon,· 6 PM · Opens 7 AM Wed,·,+61 2 9526 2570,https://waterfront-constructions.com.au/,,Website,,Directions,https://ssl.gstatic.com/local/servicebusiness/default_user.png,"""Very easy to deal with, highly professional and great quality.""",,,,,
https://www.google.com/maps/place/Monarch+Construction+Group+Australia/data=!4m7!3m6!1s0x87ca6a0a6132a5e5:0xfc0688f0110d1256!8m2!3d-34.1737278!4d150.6535302!16s%2Fg%2F11rtq6nzrj!19sChIJ5aUyYQpqyocRVhINEfCIBvw?authuser=0&hl=en&rclk=1,Monarch Construction Group Australia,5.0,(15),Construction company,·,,Closed,· Opens 9 AM Wed,,+61 1300 706 492,https://monarchconstructions.com.au/,,Website,,Directions,https://ssl.gstatic.com/local/servicebusiness/default_user.png,"""The finished deck looks amazing and has completely transformed my backyard.""",,,,,
https://www.google.com/maps/place/Northpoint+Construction+Group/data=!4m7!3m6!1s0x6b12a314ebb1c919:0x59f6a4ea223447da!8m2!3d-33.8169433!4d151.0217587!16s%2Fg%2F1tfmccxy!19sChIJGcmx6xSjEmsR2kc0Iuqk9lk?authuser=0&hl=en&rclk=1,Northpoint Construction Group,4.8,(37),Construction company,·,7/142 James Ruse Dr,Closed,· Opens 8:30 AM Wed,·,+61 2 9687 8889,http://www.npoint.com.au/,,Website,,Directions,https://ssl.gstatic.com/local/servicebusiness/default_user.png,"""I would choose Northpoint",Construction,"all over again if I had to.""",,,
https://www.google.com/maps/place/Binah/data=!4m7!3m6!1s0x6b1295b86fdd1081:0xea3ac8eacff80658!8m2!3d-33.9183445!4d150.9210531!16s%2Fg%2F11cp7cxv43!19sChIJgRDdb7iVEmsRWAb4z-rIOuo?authuser=0&hl=en&rclk=1,Binah,4.5,(31),Construction company,·,·,Closed,· Opens 8:30 AM Wed,"Suit 7, Level 3/26 Castlereagh St",+61 2 9426 6900,http://www.binah.com.au/,,Website,,Directions,https://ssl.gstatic.com/local/servicebusiness/default_user.png,"""Great workmanship and customer service""",,,,·,
https://www.google.com/maps/place/Sydney+Building+and+Construction+Group/data=!4m7!3m6!1s0x6b12bd2dbb58b8f1:0xc001bb04131b8e43!8m2!3d-33.8764135!4d151.2047258!16s%2Fg%2F11b77sp_b7!19sChIJ8bhYuy29EmsRQ44bEwS7AcA?authuser=0&hl=en&rclk=1,Sydney Building and Construction Group,4.9,(16),Home builder,·,526/368 Sussex St,Closes soon,· 6 PM · Opens 6 AM Wed,·,+61 2 9635 8626,https://www.sydneybuildingandconstructiongroup.com.au/,,Website,,Directions,https://ssl.gstatic.com/local/servicebusiness/default_user.png,"""Dany was always very quick to respond to my calls / text messages.""",,,,,
https://www.google.com/maps/place/Platinum+Corp+Construction/data=!4m7!3m6!1s0x470eb85f0dc0f5bd:0xa8a86db673aa82f6!8m2!3d-33.869735!4d151.1928284!16s%2Fg%2F11sjc9tf98!19sChIJvfXADV-4DkcR9oKqc7ZtqKg?authuser=0&hl=en&rclk=1,Platinum Corp Construction,5.0,(31),Construction company,·,55 Miller St,Closes soon,· 6:30 PM · Opens 7 AM Wed,·,+61 406 209 393,https://platinumcorpconstruction.com.au/,,Website,,Directions,https://ssl.gstatic.com/local/servicebusiness/default_user.png,"""They transformed my outdated home into a stunning, brand-new space!""",,,,,
https://www.google.com/maps/place/Engage+Construction/data=!4m7!3m6!1s0x6b12b2393ede7e1b:0x70441ebeb4eeee31!8m2!3d-33.8901148!4d151.2378758!16s%2Fg%2F11hcjyv0g8!19sChIJG37ePjmyEmsRMe7utL4eRHA?authuser=0&hl=en&rclk=1,Engage Construction,5.0,(19),Construction company,·,Suite 4/1 Moncur St,Closed,· Opens 7 AM Wed,·,+61 2 9159 9841,https://www.engageconstruction.com.au/,,Website,,Directions,https://ssl.gstatic.com/local/servicebusiness/default_user.png,"""They communicated throughout the work and did a fantastic job.""",,,,,
https://www.google.com/maps/place/Royal+Construction/data=!4m7!3m6!1s0x2a2bc3e28a350353:0x4b73570da524d3c0!8m2!3d-33.8615861!4d150.9610986!16s%2Fg%2F11nx16cr24!19sChIJUwM1iuLDKyoRwNMkpQ1Xc0s?authuser=0&hl=en&rclk=1,Royal Construction,5.0,(6),Home builder,·,,Closed,· Opens 9 AM Wed,,+61 433 647 355,https://royalconstructions.com.au/,,Website,,Directions,https://ssl.gstatic.com/local/servicebusiness/default_user.png,"""They truly understood our vision and turned our dream home into a reality.""",,,,,
https://www.google.com/maps/place/Elco+Constructions/data=!4m7!3m6!1s0x6b12ae38d2cf9a57:0x25727fbab92b6bbb!8m2!3d-33.869567!4d151.204374!16s%2Fg%2F1pyqh0ywp!19sChIJV5rP0jiuEmsRu2srubp_ciU?authuser=0&hl=en&rclk=1,Elco Constructions,4.9,(7),Construction company,·,46/365-377 Kent St,Closed,· Opens 8 AM Wed,·,+61 1300 287 457,http://www.elcoconstructions.com.au/,,Website,,Directions,https://ssl.gstatic.com/local/servicebusiness/default_user.png,"""Used Elco for 2 of my builds now, Moses and his team are my go to.""",,,,,
https://www.google.com/maps/place/ABC+CONSTRUCTIONS+NSW+PTY+LTD/data=!4m7!3m6!1s0x837fcb37fdd575d5:0x828cf8d8e78d0f44!8m2!3d-33.8482439!4d150.9319747!16s%2Fg%2F11q88wlvfh!19sChIJ1XXV_TfLf4MRRA-N59j4jII?authuser=0&hl=en&rclk=1,ABC CONSTRUCTIONS NSW PTY LTD,4.7,(6),Home builder,,,Closed,· Opens 8 AM Wed,,,http://www.abcconstructionsnsw.com.au/,,Website,,Directions,https://ssl.gstatic.com/local/servicebusiness/default_user.png,"""Thank you Marco and Sam for bringing life back to our old cottage.""",,,,,
https://www.google.com/maps/place/Ci+Building+%26+Construction+Pty+Ltd/data=!4m7!3m6!1s0x6b128542d37d9305:0x30c3a300a0fca22d!8m2!3d-32.8311501!4d150.0523618!16s%2Fg%2F11txn_0h3s!19sChIJBZN900KFEmsRLaL8oACjwzA?authuser=0&hl=en&rclk=1,Ci Building & Construction Pty Ltd,5.0,(24),Construction company,·,,Closed,· Opens 7 AM Wed,,+61 450 386 195,https://cibuildingandconstruction.com/,,Website,,Directions,https://ssl.gstatic.com/local/servicebusiness/default_user.png,"""The quote was a fair price & they completed the job 2 days early.""",,,,,
https://www.google.com/maps/place/NJG+Constructions+Pty+Ltd/data=!4m7!3m6!1s0x6b733cf525615cbd:0xfc5eb91c09762c8b!8m2!3d-32.9940255!4d151.632122!16s%2Fg%2F11f3v96m30!19sChIJvVxhJfU8c2sRiyx2CRy5Xvw?authuser=0&hl=en&rclk=1,NJG Constructions Pty Ltd,4.6,(21),Construction company,·,3 Eleebana Rd,Closed,· Opens 7 AM Wed,·,+61 421 762 006,http://www.njgconstructions.com/,,Website,,Directions,https://ssl.gstatic.com/local/servicebusiness/default_user.png,"""The quality of their work and communication is outstanding!""",,,,,
https://www.google.com/maps/place/Beach+Constructions/data=!4m7!3m6!1s0x6b12b0056b29814d:0xa02077302db3be65!8m2!3d-33.8831637!4d151.1502326!16s%2Fg%2F1tdxffk1!19sChIJTYEpawWwEmsRZb6zLTB3IKA?authuser=0&hl=en&rclk=1,Beach Constructions,5.0,(2),Construction company,·,101 Flood St,Closed,· Opens 8:30 AM Wed,·,+61 2 9550 9199,http://www.beach.com.au/,,Website,,Directions,,,,,,,
https://www.google.com/maps/place/QUAD+Construction/data=!4m7!3m6!1s0x7836bc19984df57:0x6f4b96a1ff386f15!8m2!3d-32.9435451!4d151.6497372!16s%2Fg%2F11v3j96d_w!19sChIJV9-EmcFrgwcRFW84_6GWS28?authuser=0&hl=en&rclk=1,QUAD Construction,5.0,(17),Construction company,·,Unit 2/26 Munibung Rd,Closed,· Opens 8 AM Wed,·,+61 2 4072 1593,http://www.quadconstruction.com.au/,,Website,,Directions,https://ssl.gstatic.com/local/servicebusiness/default_user.png,"""One of the best in the",business,"with high quality work!""",,,
"https://www.google.com/maps/place/Burbank+Homes+-+Head+Office,+New+South+Wales/data=!4m7!3m6!1s0x6b12a31970f6d72b:0x95e8e5471b21c347!8m2!3d-33.8132202!4d151.0088207!16s%2Fg%2F11g8ktl_nl!19sChIJK9f2cBmjEmsRR8MhG0fl6JU?authuser=0&hl=en&rclk=1","Burbank Homes - Head Office, New South Wales",4.7,(89),Home builder,·,Level 3/88 Phillip St,Closed,· Opens 9 AM Wed,·,+61 132872,https://www.burbank.com.au/nsw/,,Website,,Directions,https://ssl.gstatic.com/local/servicebusiness/default_user.png,"""The house built quality and finishing was top notch.""",,,,,
https://www.google.com/maps/place/Simmons+Civil+Contracting+%7C+Civil+Contractors+Sydney/data=!4m7!3m6!1s0x6b129bd6ea8d6985:0xf9b84050c3d15571!8m2!3d-33.7747046!4d150.9532136!16s%2Fg%2F11cm_q3f9j!19sChIJhWmN6tabEmsRcVXRw1BAuPk?authuser=0&hl=en&rclk=1,Simmons Civil Contracting | Civil Contractors Sydney,3.8,(8),Construction company,·,5 St James Pl,Closed,· Opens 7 AM Wed,·,+61 2 9620 6100,https://simmonscivil.com.au/,,Website,,Directions,,On-site services,,,,,
https://www.google.com/maps/place/Absolute+Building+Contractors/data=!4m7!3m6!1s0x6b75b757dfbbe645:0x410ea6c03483e973!8m2!3d-31.8689551!4d152.3642273!16s%2Fg%2F1tz95xsf!19sChIJRea731e3dWsRc-mDNMCmDkE?authuser=0&hl=en&rclk=1,Absolute Building Contractors,5.0,(1),Home builder,·,Lot 2 Murray Rd,Closed,· Opens 7 AM Wed,·,+61 407 955 393,https://absolutebuilding.com.au/,,Website,,Directions,,,,,,,
https://www.google.com/maps/place/C+Group+Construction/data=!4m7!3m6!1s0x2e78066d929d9d21:0xd8495f3eb0b01b41!8m2!3d-34.2974962!4d148.317229!16s%2Fg%2F11ts3mlzqz!19sChIJIZ2dkm0GeC4RQRuwsD5fSdg?authuser=0&hl=en&rclk=1,C Group Construction,5.0,(3),Construction company,·,376 Olympic Hwy,Closed,· Opens 7 AM Wed,·,+61 400 334 330,https://www.cgroupconstruction.com.au/,,Website,,Directions,https://ssl.gstatic.com/local/servicebusiness/default_user.png,"""Excellent service, quality work.""",,,,,
https://www.google.com/maps/place/LT+Construction+Group/data=!4m7!3m6!1s0x6b129f5a188069a5:0x184e298d320f8006!8m2!3d-33.795639!4d150.8099682!16s%2Fg%2F11hkbq6h3x!19sChIJpWmAGFqfEmsRBoAPMo0pThg?authuser=0&hl=en&rclk=1,LT Construction Group,4.9,(43),Patio enclosure supplier,·,,Closed,· Opens 9 AM Wed,,+61 478 650 807,https://ltconstructiongroup.com.au/,,Website,,Directions,https://ssl.gstatic.com/local/servicebusiness/default_user.png,"""Professional and friendly and the extremely happy with the completed work.""",,,,,
"https://www.google.com/maps/place/Burbank+Homes+-+Head+Office,+New+South+Wales/data=!4m7!3m6!1s0x6b12a31970f6d72b:0x95e8e5471b21c347!8m2!3d-33.8132202!4d151.0088207!16s%2Fg%2F11g8ktl_nl!19sChIJK9f2cBmjEmsRR8MhG0fl6JU?authuser=0&hl=en&rclk=1","Burbank Homes - Head Office, New South Wales",4.7,(89),Home builder,·,Level 3/88 Phillip St,Closed,· Opens 9 AM Wed,·,+61 132872,https://www.burbank.com.au/nsw/,,Website,,Directions,https://ssl.gstatic.com/local/servicebusiness/default_user.png,"""The house built quality and finishing was top notch.""",,,,,
https://www.google.com/maps/place/Reitsma+Constructions/data=!4m7!3m6!1s0x6b1298839edeb569:0x6d5234ea97a5e626!8m2!3d-33.7728263!4d150.9564315!16s%2Fg%2F12cpcfy3t!19sChIJabXenoOYEmsRJuall-o0Um0?authuser=0&hl=en&rclk=1,Reitsma Constructions,4.0,(8),Construction company,·,·,Closed,· Opens 8 AM Wed,19 Bearing Rd,+61 2 8602 0500,http://www.reitsmaconstructions.com.au/,,Website,,Directions,,On-site services,,,,·,
https://www.google.com/maps/place/Built/data=!4m7!3m6!1s0x6b12b1d7f9e3a317:0x2d2726cb430ae8b!8m2!3d-33.8692572!4d151.2049924!16s%2Fg%2F1tdbfl6w!19sChIJF6Pj-dexEmsRi64wtGxy0gI?authuser=0&hl=en&rclk=1,Built,3.1,(23),Construction company,·,4/183-185 Clarence St,Closed,· Opens 7:30 AM Wed,·,+61 2 8332 4111,http://www.built.com.au/,,Website,,Directions,,,,,,,
https://www.google.com/maps/place/Fresh+Constructions+Australia/data=!4m7!3m6!1s0x6b74372cf66ce14b:0x73665609a7febfc0!8m2!3d-32.2188664!4d152.5257021!16s%2Fg%2F11mk_rbk86!19sChIJS-Fs9iw3dGsRwL_-pwlWZnM?authuser=0&hl=en&rclk=1,Fresh Constructions Australia,,,Construction company,·,9 Hawaii Ave,Closed,· Opens 7 AM Wed,·,+61 414 506 608,https://fcabuilding.com.au/,,Website,,Directions,,,,,,,No reviews
https://www.google.com/maps/place/Com+Construction+Pty+Ltd/data=!4m7!3m6!1s0x6b12bd879dfb5a1b:0x11a23f255f27cea!8m2!3d-33.871545!4d150.9572523!16s%2Fg%2F11bxfyp97k!19sChIJG1r7nYe9EmsR6nzyVfIjGgE?authuser=0&hl=en&rclk=1,Com Construction Pty Ltd,4.5,(8),Construction company,·,Suite 2/89A The Crescent,Closed,· Opens 9:30 AM Wed,·,+61 2 8764 1402,http://www.comconstruction.com.au/,,Website,,Directions,https://ssl.gstatic.com/local/servicebusiness/default_user.png,"""Would highly recommend this",company,"!""",,,
https://www.google.com/maps/place/RNS+Building+and+Construction/data=!4m7!3m6!1s0x6b12bd5f098c59bb:0x431e580adc99ba00!8m2!3d-33.8482439!4d150.9319747!16s%2Fg%2F11fswj8mhm!19sChIJu1mMCV-9EmsRALqZ3ApYHkM?authuser=0&hl=en&rclk=1,RNS Building and Construction,4.8,(16),Construction company,·,,Open 24 hours,,,+61 423 222 235,http://www.rnsbuildingandconstruction.com.au/,,Website,,Directions,https://ssl.gstatic.com/local/servicebusiness/default_user.png,"""They did an excellent job and cleaned up really well afterwards.""",,,,,
https://www.google.com/maps/place/Sullivans+Constructions/data=!4m7!3m6!1s0x6b12c171d163de0d:0xd9544bec97d18ed5!8m2!3d-34.0707155!4d151.0117671!16s%2Fg%2F1wv_sckr!19sChIJDd5j0XHBEmsR1Y7Rl-xLVNk?authuser=0&hl=en&rclk=1,Sullivans Constructions,4.0,(5),Builder,·,8 Layden Ave,,,,+61 2 9548 1848,https://www.sullivansconstructions.com.au/,,Website,,Directions,,,,,,,
https://www.google.com/maps/place/SJ+White+Constructions/data=!4m7!3m6!1s0x83225b32ab16002d:0x12d554f88d82432f!8m2!3d-33.2509669!4d149.0617663!16s%2Fg%2F11t7btl4dr!19sChIJLQAWqzJbIoMRL0OCjfhU1RI?authuser=0&hl=en&rclk=1,SJ White Constructions,5.0,(2),Home builder,·,,Closed,· Opens 7:30 AM Wed,,+61 488 550 568,http://sjwhiteconstructions.com/,,Website,,Directions,,,,,,,
https://www.google.com/maps/place/Royal+Constructions+Pty+Ltd/data=!4m7!3m6!1s0x6b12f3149a254d9f:0x643a35a84204b891!8m2!3d-34.0001882!4d150.7388425!16s%2Fg%2F11xdfp6w7g!19sChIJn00lmhTzEmsRkbgEQqg1OmQ?authuser=0&hl=en&rclk=1,Royal Constructions Pty Ltd,5.0,(5),Home builder,·,3 Fordham Way,Closed,· Opens 9 AM Wed,·,+61 1300 832 355,https://royalconstructions.com.au/,,Website,,Directions,https://ssl.gstatic.com/local/servicebusiness/default_user.png,"""Additionally, Royal Construction’s **customer service** is top-notch.""",,,,,
https://www.google.com/maps/place/Edwards+Constructions/data=!4m7!3m6!1s0x6b1319a2ff93b633:0x860966ca1ca85d3!8m2!3d-34.8758425!4d150.600593!16s%2Fg%2F12m91d_wp!19sChIJM7aT_6IZE2sR04XKoWyWYAg?authuser=0&hl=en&rclk=1,Edwards Constructions,5.0,(1),Construction company,·,10/48 Berry St,,,,+61 2 4444 1266,http://www.edwardsconstructions.com/,,Website,,Directions,https://ssl.gstatic.com/local/servicebusiness/default_user.png,"""the best at",building,"and constructing""",,,
https://www.google.com/maps/place/Dana+Constructions+Pty+Ltd/data=!4m7!3m6!1s0x6b12a8163fb00001:0x80f60403785ac146!8m2!3d-33.7274693!4d151.1623043!16s%2Fg%2F11kqswzfs6!19sChIJAQCwPxaoEmsRRsFaeAME9oA?authuser=0&hl=en&rclk=1,Dana Constructions Pty Ltd,5.0,(2),Construction company,·,17-19 Memorial Ave,Closed,· Opens 9 AM Wed,·,+61 434 511 220,https://www.danaconstructions.com.au/,,Website,,Directions,https://ssl.gstatic.com/local/servicebusiness/default_user.png,"""They are committed and results driven.""",,,,,
https://www.google.com/maps/place/Belmadar/data=!4m7!3m6!1s0x6b12aedccd172eaf:0xf1a67cad2955e20d!8m2!3d-33.8207664!4d151.2006877!16s%2Fg%2F11b7f1928t!19sChIJry4XzdyuEmsRDeJVKa18pvE?authuser=0&hl=en&rclk=1,Belmadar,4.8,(20),Construction company,·,214 Willoughby Rd,Closed,· Opens 8:30 AM Wed,·,+61 2 8436 3500,http://www.belmadar.com.au/,,Website,,Directions,https://ssl.gstatic.com/local/servicebusiness/default_user.png,"""Good",company,"and excellent people to work with.""",,,
https://www.google.com/maps/place/Aspire+Building+and+Construction/data=!4m7!3m6!1s0x8f38f18237813075:0x81a93848c2b91bcf!8m2!3d-33.2509669!4d149.0617663!16s%2Fg%2F11whwfw_7d!19sChIJdTCBN4LxOI8Rzxu5wkg4qYE?authuser=0&hl=en&rclk=1,Aspire Building and Construction,5.0,(11),Custom home builder,·,,Closed,· Opens 7 AM Wed,,+61 423 945 063,https://aspirebuildingco.com/,,Website,,Directions,https://ssl.gstatic.com/local/servicebusiness/default_user.png,"""Happy to recommend for , a reliable, trustworthy tradesman.""",,,,,
https://www.google.com/maps/place/ZGS+Building+Co/data=!4m7!3m6!1s0x6b19ffba24c3f419:0xb5025d946b9029ce!8m2!3d-32.205415!4d136.1073692!16s%2Fg%2F11fp4srrzn!19sChIJGfTDJLr_GWsRzimQa5RdArU?authuser=0&hl=en&rclk=1,ZGS Building Co,5.0,(1),Construction company,,,,,,+61 437 576 134,https://m.facebook.com/zgsbuildingco/,,Website,,Directions,,,,,,,
https://www.google.com/maps/place/BY+Group/data=!4m7!3m6!1s0x6b12ae17d23fffff:0xa6ce9d16afe375bf!8m2!3d-33.864276!4d151.2093464!16s%2Fg%2F11gw2rdph4!19sChIJ__8_0heuEmsRv3XjrxadzqY?authuser=0&hl=en&rclk=1,BY Group,3.7,(3),Construction company,·,·,Closed,· Opens 9 AM Wed,"Head Office, Level 10/3 Spring St",+61 2 8378 1952,http://bygroup.com.au/,,Website,,Directions,https://ssl.gstatic.com/local/servicebusiness/default_user.png,"""Great operators, good people and
service.""",,,,·,
https://www.google.com/maps/place/KRJ+Construction/data=!4m7!3m6!1s0xe9b3144e19dec1b:0x905447f80b1a7a0d!8m2!3d-30.9179814!4d150.8531625!16s%2Fg%2F11wc9sjw8g!19sChIJG-yd4UQxmw4RDXoaC_hHVJA?authuser=0&hl=en&rclk=1,KRJ Construction,5.0,(1),Construction company,·,,Closed,· Opens 7 AM Wed,,+61 402 413 058,https://www.krj-construction.com/,,Website,,Directions,https://ssl.gstatic.com/local/servicebusiness/default_user.png,"""Thank you Rod & Naomi.""",,,,,
https://www.google.com/maps/place/Brown+Constructions+NSW+Pty+Ltd/data=!4m7!3m6!1s0x6b12c713c1af7d55:0x96931aadbd1a42dd!8m2!3d-34.0696584!4d151.1230531!16s%2Fg%2F11clzh4gr2!19sChIJVX2vwRPHEmsR3UIava0ak5Y?authuser=0&hl=en&rclk=1,Brown Constructions NSW Pty Ltd,,,Construction company,·,48B Turriell Point Rd,,,,,http://brownconstructions.com.au/,,Website,,Directions,,,,,,,No reviews
https://www.google.com/maps/place/Apollo+New+South+Wales/data=!4m7!3m6!1s0x6b12a1d7f74b7e27:0xfa5d76196c27cac0!8m2!3d-33.7114091!4d150.9548029!16s%2Fg%2F11y6lbtfxh!19sChIJJ35L99ehEmsRwMonbBl2Xfo?authuser=0&hl=en&rclk=1,Apollo New South Wales,,,Construction company,·,78 Windsor Rd,Open 24 hours,,·,+61 449 555 333,http://apollonsw.com.au/,,Website,,Directions,,,,,,,No reviews
https://www.google.com/maps/place/Duff+Constructions/data=!4m7!3m6!1s0x6b0a99e7d627a3d5:0xabd5c93ab663a7d3!8m2!3d-31.0187105!4d151.1786294!16s%2Fg%2F11jg4gxdn4!19sChIJ1aMn1ueZCmsR06djtjrJ1as?authuser=0&hl=en&rclk=1,Duff Constructions,5.0,(5),Construction company,·,,Closed,· Opens 7:30 AM Wed,,+61 417 262 456,http://www.duffconstructions.com.au/?utm_source=google&utm_medium=organic&utm_campaign=gmb,,Website,,Directions,https://ssl.gstatic.com/local/servicebusiness/default_user.png,"""Jamie's a great communicator and quality tradesman.""",,,,,
https://www.google.com/maps/place/BDM+Constructions/data=!4m7!3m6!1s0x6b75f8cdd863092f:0xeb51dc1d3340a7e3!8m2!3d-31.494263!4d152.7319757!16s%2Fg%2F1tlwftl2!19sChIJLwlj2M34dWsR46dAMx3cUes?authuser=0&hl=en&rclk=1,BDM Constructions,3.8,(12),Home builder,·,14 Production Dr,Closed,· Opens 8 AM Wed,·,+61 2 6586 0311,https://www.bdmconstructions.com.au/,,Website,,Directions,https://ssl.gstatic.com/local/servicebusiness/default_user.png,"""They are dedicated to top quality and attention to detail.""",,,,,
https://www.google.com/maps/place/Reitsma+Constructions+-+Newcastle+Office/data=!4m7!3m6!1s0x6b73144528bfaebb:0x9b9ba5b6ff591616!8m2!3d-33.0144167!4d151.7022616!16s%2Fg%2F11dxd165r9!19sChIJu66_KEUUc2sRFhZZ_7alm5s?authuser=0&hl=en&rclk=1,Reitsma Constructions - Newcastle Office,3.7,(3),Construction company,·,·,Closed,· Opens 8:30 AM Wed,Unit 3/36 Kalaroo Rd,+61 2 4989 5000,http://www.reitsma.com/,,Website,,Directions,,,,,,·,
https://www.google.com/maps/place/Turrell+Building/data=!4m7!3m6!1s0x6b0d5f2d645a6fcf:0x6679bc20431fde65!8m2!3d-33.6524954!4d151.0451648!16s%2Fg%2F1vcjmdbq!19sChIJz29aZC1fDWsRZd4fQyC8eWY?authuser=0&hl=en&rclk=1,Turrell Building,4.7,(59),Custom home builder,·,3/362 Galston Rd,Closed,· Opens 9 AM Wed,·,+61 2 9653 1003,http://www.turrell.com.au/,,Website,,Directions,https://ssl.gstatic.com/local/servicebusiness/default_user.png,"""They seamlessly transformed our concept into a breathtaking reality.""",,,,,
https://www.google.com/maps/place/NSW+Construction+Services/data=!4m7!3m6!1s0x6b12a32d5453ffff:0xcf7d750a5b608b00!8m2!3d-33.8386985!4d151.0120012!16s%2Fg%2F11vx0zzyd3!19sChIJ__9TVC2jEmsRAItgWwp1fc8?authuser=0&hl=en&rclk=1,NSW Construction Services,,,Construction company,·,15 New York St,,,,+61 402 803 886,http://nswconstructionservices.com.au/,,Website,,Directions,,,,,,,No reviews
https://www.google.com/maps/place/Orello+Concrete/data=!4m7!3m6!1s0xa531326eb3b78177:0xa4d942a874741750!8m2!3d-33.4774986!4d149.4595498!16s%2Fg%2F11y63tcp9b!19sChIJd4G3s24yMaURUBd0dKhC2aQ?authuser=0&hl=en&rclk=1,Orello Concrete,5.0,(4),Construction company,·,,Closed,· Opens 7 AM Wed,,+61 400 151 053,https://orello.com.au/,,Website,,Directions,https://ssl.gstatic.com/local/servicebusiness/default_user.png,"""Job well done, very professional""",,,,,
https://www.google.com/maps/place/Ray+Clements+Constructions/data=!4m7!3m6!1s0x6b106762d8629afd:0x590e4624240a2750!8m2!3d-33.595817!4d148.7969954!16s%2Fg%2F1tlndlj1!19sChIJ_Zpi2GJnEGsRUCcKJCRGDlk?authuser=0&hl=en&rclk=1,Ray Clements Constructions,5.0,(1),Home builder,Closes soon,· 6 PM · Opens 7:30 AM Wed,·,,,+61 428 262 152,,,Directions,,,,,,,,,
https://www.google.com/maps/place/DNA+Built/data=!4m7!3m6!1s0x63e70ba2f35af09f:0x65829ac2b34c87be!8m2!3d-33.4774986!4d149.5803178!16s%2Fg%2F11mltb6r0w!19sChIJn_Ba86IL52MRvodMs8KagmU?authuser=0&hl=en&rclk=1,DNA Built,5.0,(4),Home builder,·,,Closed,· Opens 7 AM Wed,,+61 498 980 300,https://dnabuiltbathurst.com.au/,,Website,,Directions,https://ssl.gstatic.com/local/servicebusiness/default_user.png,"""We found Damian and his crew exceptionally polite, punctual and courteous.""",,,,,
https://www.google.com/maps/place/Livelle+Homes/data=!4m7!3m6!1s0x25b3c53110c82361:0xa6a67c71e6975131!8m2!3d-33.2509669!4d149.0617663!16s%2Fg%2F11s5tnhyfz!19sChIJYSPIEDHFsyURMVGX5nF8pqY?authuser=0&hl=en&rclk=1,Livelle Homes,4.7,(14),Home builder,·,,Closed,· Opens 9 AM Wed,,+61 408 557 125,http://www.livellehomes.com.au/,,Website,,Directions,https://ssl.gstatic.com/local/servicebusiness/default_user.png,"""The house was completed quickly and the final finish was amazing.""",,,,,
https://www.google.com/maps/place/Construction+Consultants/data=!4m7!3m6!1s0x6b12a318fc5a0545:0xf4a006eb0964f36!8m2!3d-33.8124292!4d151.0306643!16s%2Fg%2F1q5hrhxx6!19sChIJRQVa_BijEmsRNk-WsG4ASg8?authuser=0&hl=en&rclk=1,Construction Consultants,4.8,(10),Quantity surveyor,·,37/39 Mary Parade,Closed,· Opens 9 AM Wed,·,+61 2 9633 9233,http://constructionconsultants.net.au/,,Website,,Directions,,,,,,,
https://www.google.com/maps/place/Tony+Toohey+Contracting+Services/data=!4m7!3m6!1s0x6b1a9dc62b66b0fb:0xbff47a5cc465c65a!8m2!3d-32.8311501!4d150.0523618!16s%2Fg%2F11hzc04j49!19sChIJ-7BmK8adGmsRWsZlxFx69L8?authuser=0&hl=en&rclk=1,Tony Toohey Contracting Services,5.0,(3),Earth works company,Closed,· Opens 7 AM Wed,,,,,,,Directions,,,https://ssl.gstatic.com/local/servicebusiness/default_user.png,"""Did the job quickly and efficiently.""",,,,,
https://www.google.com/maps/place/CJBuilding+NSW/data=!4m7!3m6!1s0x4d86db7db97917f5:0x23a81d88e80ed1e1!8m2!3d-33.8728827!4d147.1111779!16s%2Fg%2F11vzyg9g_n!19sChIJ9Rd5uX3bhk0R4dEO6IgdqCM?authuser=0&hl=en&rclk=1,CJBuilding NSW,5.0,(1),Home builder,Closed,· Opens 7:30 AM Wed,·,,,+61 438 640 628,,,Directions,,,https://ssl.gstatic.com/local/servicebusiness/default_user.png,"""Callan and his workers were amazing to deal with.""",,,,,
https://www.google.com/maps/place/Best+%26+Sibraa+Builders/data=!4m7!3m6!1s0x6b1fadd50eb5ed65:0x11275e696c8453d7!8m2!3d-32.205415!4d136.1073692!16s%2Fg%2F11c58vr_qr!19sChIJZe21DtWtH2sR11OEbGleJxE?authuser=0&hl=en&rclk=1,Best & Sibraa Builders,5.0,(1),Home builder,,,,,,+61 422 244 981,,,Directions,,,,,,,,,
https://www.google.com/maps/place/BD+Construction+Solutions/data=!4m7!3m6!1s0x6b7499a8f6726e6d:0xc50599c53c0cc12d!8m2!3d-32.205415!4d136.1073692!16s%2Fg%2F11clhsknnv!19sChIJbW5y9qiZdGsRLcEMPMWZBcU?authuser=0&hl=en&rclk=1,BD Construction Solutions,,,Construction company,·,,Closed,· Opens 7 AM Wed,,+61 409 833 662,http://www.bdconstruction.net.au/,,Website,,Directions,,,,,,,No reviews
https://www.google.com/maps/place/Nathan+Wood+Construction/data=!4m7!3m6!1s0xab215d0a3fc2ddff:0x628ae2ba1130404f!8m2!3d-34.4854541!4d146.397111!16s%2Fg%2F11m6xf39p4!19sChIJ_93CPwpdIasRT0AwEbriimI?authuser=0&hl=en&rclk=1,Nathan Wood Construction,5.0,(6),Home builder,Closed,· Opens 7 AM Wed,·,,,+61 428 549 517,,,Directions,,,https://ssl.gstatic.com/local/servicebusiness/default_user.png,"""I would recommend Nathan Wood Constructions without hesitation.""",,,,,
https://www.google.com/maps/place/Cadence+%26+Co+Pty+Ltd/data=!4m7!3m6!1s0x6b0d56f151177ebb:0x94bed7e522dfb4f7!8m2!3d-33.6964245!4d151.2168321!16s%2Fg%2F11ckks3zqs!19sChIJu34XUfFWDWsR97TfIuXXvpQ?authuser=0&hl=en&rclk=1,Cadence & Co Pty Ltd,4.8,(21),Construction company,·,·,Closed,· Opens 9 AM Wed,321 Mona Vale Rd,+61 2 9450 1950,http://www.cadenceandco.com.au/,,Website,,Directions,https://ssl.gstatic.com/local/servicebusiness/default_user.png,"""Everything was finished to a high standard by those working on site.""",,,,·,
https://www.google.com/maps/place/All+Pro+Group/data=!4m7!3m6!1s0x6b1f1321abeee91d:0x1e55dbe777e8f138!8m2!3d-34.5710616!4d146.3685682!16s%2Fg%2F11l3d4bngr!19sChIJHenuqyETH2sROPHod-fbVR4?authuser=0&hl=en&rclk=1,All Pro Group,5.0,(1),Construction company,·,,Closed,· Opens 7:30 AM Wed,,+61 438 166 409,http://www.allpro.group/,,Website,,Directions,https://ssl.gstatic.com/local/servicebusiness/default_user.png,"""Worth every cent for such wonderful service.""",,,,,
https://www.google.com/maps/place/South+Eastern+Construction+Pty.+Ltd/data=!4m7!3m6!1s0x6b12b3eee5ecffff:0xa1102d102b5b0fcf!8m2!3d-33.9674098!4d151.2488502!16s%2Fg%2F11rq1lqybw!19sChIJ___s5e6zEmsRzw9bKxAtEKE?authuser=0&hl=en&rclk=1,South Eastern Construction Pty. Ltd,,,General contractor,·,18 McGowen Ave,Closed,· Opens 7 AM Wed,·,+61 428 964 617,http://www.southeasternconstruction.com.au/,,Website,,Directions,,,,,,,No reviews
https://www.google.com/maps/place/Metricon+Homes+New+South+Wales+-+State+Office/data=!4m7!3m6!1s0x6b129f5109664759:0x8ceb27084b90b965!8m2!3d-33.7331144!4d150.9450855!16s%2Fg%2F1tp2_jr1!19sChIJWUdmCVGfEmsRZbmQSwgn64w?authuser=0&hl=en&rclk=1,Metricon Homes New South Wales - State Office,3.8,(93),Home builder,·,"Level 4, Building E/32 Lexington Dr",Closed,,·,+61 2 8887 9000,http://www.metricon.com.au/?utm_source=gmb&utm_medium=organic&utm_campaign=metricon:gmb&utm_content=NSWHeadOffice,,Website,,Directions,https://ssl.gstatic.com/local/servicebusiness/default_user.png,"""If you’re planning to build, I couldn’t recommend Alex more highly.""",,,,,
https://www.google.com/maps/place/B+%26+L+Plant+Hire+%26+Sealing/data=!4m7!3m6!1s0x6b11d5c21cd44547:0x39ffcaf2d9626885!8m2!3d-33.2509669!4d149.0617663!16s%2Fg%2F11n5r0ds40!19sChIJR0XUHMLVEWsRhWhi2fLK_zk?authuser=0&hl=en&rclk=1,B & L Plant Hire & Sealing,5.0,(4),Earth works company,,,,,,+61 478 752 576,,,Directions,,,,,,,,,
https://www.google.com/maps/place/Green+Homes+Australia+Sutherland+Shire/data=!4m7!3m6!1s0xaf8464040ec1e9a7:0xbbb620499f34e7b8!8m2!3d-34.0717796!4d151.077091!16s%2Fg%2F11wfnvh6vy!19sChIJp-nBDgRkhK8RuOc0n0kgtrs?authuser=0&hl=en&rclk=1,Green Homes Australia Sutherland Shire,,,Construction company,·,,Closed,· Opens 9 AM Wed,,+61 1300 724 661,https://greenhomesaustralia.com.au/builders-sutherland-shire/?utm_source=google&utm_medium=organic&utm_campaign=google_business_profile,,Website,,Directions,,,,,,,No reviews
https://www.google.com/maps/place/Watson+Demolition+%26+Earthworks+Newcastle/data=!4m7!3m6!1s0x6b733dc876d8522f:0x9d16260a0dcb88c5!8m2!3d-32.976663!4d151.6897003!16s%2Fg%2F11n66476g_!19sChIJL1LYdsg9c2sRxYjLDQomFp0?authuser=0&hl=en&rclk=1,Watson Demolition & Earthworks Newcastle,3.4,(5),Demolition contractor,·,,Closed,· Opens 7 AM Wed,,+61 412 307 810,https://watsondemolitionearthworks.com.au/,,Website,,Directions,https://ssl.gstatic.com/local/servicebusiness/default_user.png,"""Provided all services required within a 1",business,"day turn around.""",,,
https://www.google.com/maps/place/Blackwell%27s+Building+%26+Carpentry+Pty+Ltd/data=!4m7!3m6!1s0x6b0e9da23bb6ef05:0x747e83de192b12e5!8m2!3d-32.6001934!4d149.5713554!16s%2Fg%2F11pwfwlwh0!19sChIJBe-2O6KdDmsR5RIrGd6DfnQ?authuser=0&hl=en&rclk=1,Blackwell's Building & Carpentry Pty Ltd,5.0,(1),Carpenter,Closed,· Opens 7:30 AM Wed,·,,,+61 492 828 922,,,Directions,,,https://ssl.gstatic.com/local/servicebusiness/default_user.png,"""A true perfectionist backed by a great team ..""",,,,,
https://www.google.com/maps/place/JSC+Homes/data=!4m7!3m6!1s0x84f0a36951aa87ef:0x6b4799736cc5b18e!8m2!3d-33.4078256!4d149.5912649!16s%2Fg%2F11kpplcwxr!19sChIJ74eqUWmj8IQRjrHFbHOZR2s?authuser=0&hl=en&rclk=1,JSC Homes,5.0,(3),Home builder,Closed,· Opens 7 AM Wed,·,,,+61 400 384 338,,,Directions,,,https://ssl.gstatic.com/local/servicebusiness/default_user.png,"""Professional, reliable and listened to what I wanted.""",,,,,
https://www.google.com/maps/place/Dubbo+Mini+Civil/data=!4m7!3m6!1s0x850b1f0bfcc5987:0xd65e559c676cf73e!8m2!3d-32.2814115!4d148.6043228!16s%2Fg%2F11pv3kk92p!19sChIJh1nMv_CxUAgRPvdsZ5xVXtY?authuser=0&hl=en&rclk=1,Dubbo Mini Civil,5.0,(1),Construction company,·,,Open 24 hours,,,+61 438 889 107,http://dubbominicivil.com/,,Website,,Directions,https://ssl.gstatic.com/local/servicebusiness/default_user.png,"""Excellent service at an affordable price.""",,,,,
https://www.google.com/maps/place/Swain+Contracting/data=!4m7!3m6!1s0x6b0a07e485405c8b:0x86712dc74fc1329a!8m2!3d-31.2203776!4d150.8789642!16s%2Fg%2F11r4mtb5xr!19sChIJi1xAheQHCmsRmjLBT8ctcYY?authuser=0&hl=en&rclk=1,Swain Contracting,,,Earth works company,·,,Open 24 hours,,,+61 481 882 822,http://www.swaincontracting.com.au/,,Website,,Directions,,,,,,,No reviews
https://www.google.com/maps/place/Fonaris+Civil+%26+Building/data=!4m7!3m6!1s0x4999b15fb4f48621:0xa10d9799163dc45e!8m2!3d-30.6590708!4d150.8021006!16s%2Fg%2F11yjnqbpvr!19sChIJIYb0tF-xmUkRXsQ9FpmXDaE?authuser=0&hl=en&rclk=1,Fonaris Civil & Building,5.0,(2),Construction company,Closed,· Opens 7 AM Wed,·,,,+61 410 089 217,,,Directions,,,,,,,,,
https://www.google.com/maps/place/TMEX+CIVIL+%26+ASPHALTING/data=!4m7!3m6!1s0xabf7194a40d9cddf:0xb2a30ec2e8ff440b!8m2!3d-32.8474749!4d149.1195195!16s%2Fg%2F11y6cfqxhn!19sChIJ383ZQEoZ96sRC0T_6MIOo7I?authuser=0&hl=en&rclk=1,TMEX CIVIL & ASPHALTING,5.0,(17),Asphalt contractor,·,,Closed,· Opens 9 AM Wed,,+61 408 608 419,https://tmexcivilandasphalting.com/,,Website,,Directions,https://ssl.gstatic.com/local/servicebusiness/default_user.png,"""Very professional, good quality work.""",,,,,
https://www.google.com/maps/place/SJL+Building+Co./data=!4m7!3m6!1s0x615d70640813a139:0xdf7ad89ab373ffe7!8m2!3d-26.4054822!4d148.020543!16s%2Fg%2F11rftyyrns!19sChIJOaETCGRwXWER5_9zs5rYet8?authuser=0&hl=en&rclk=1,SJL Building Co.,5.0,(4),Construction company,·,,Closes soon,· 5 PM · Opens 8 AM Wed,,+61 459 550 595,http://www.sjlbuildingco.com.au/,,Website,,Directions,https://ssl.gstatic.com/local/servicebusiness/default_user.png,"""A-grade Builder that took great care for our project.""",,,,,
https://www.google.com/maps/place/Construct+Estimates+Pty+Ltd/data=!4m7!3m6!1s0x6b12af71cd0e5199:0xb13eaa2b34da624e!8m2!3d-33.8637025!4d151.2020765!16s%2Fg%2F11l1mbkwc3!19sChIJmVEOzXGvEmsRTmLaNCuqPrE?authuser=0&hl=en&rclk=1,Construct Estimates Pty Ltd,4.3,(20),Quantity surveyor,·,100 Barangaroo Ave,Closed,· Opens 9 AM Wed,·,+61 488 620 354,https://constructestimates.com/,,Website,,Directions,,,,,,,
https://www.google.com/maps/place/Avpro+Constructions+Pty+Ltd/data=!4m7!3m6!1s0x29382aab725d3681:0xfbb3105df1b2e6da!8m2!3d-31.3119596!4d149.2883638!16s%2Fg%2F11nnw47zx9!19sChIJgTZdcqsqOCkR2uay8V0Qs_s?authuser=0&hl=en&rclk=1,Avpro Constructions Pty Ltd,,,Construction company,Closed,· Opens 8 AM Wed,·,,,+61 411 714 029,,,Directions,,,,,,,,,No reviews
https://www.google.com/maps/place/Earth+Plant+Hire/data=!4m7!3m6!1s0x6b0f20b0f90adeb5:0x9b93ad659344021f!8m2!3d-32.8311501!4d150.0523618!16s%2Fg%2F11ckkwptc6!19sChIJtd4K-bAgD2sRHwJEk2Wtk5s?authuser=0&hl=en&rclk=1,Earth Plant Hire,5.0,(1),Road construction company,Closed,· Opens 8:30 AM Wed,·,,,+61 497 327 847,,,Directions,,,,,,,,,
https://www.google.com/maps/place/Bespoke+Building+%26+Contracting/data=!4m7!3m6!1s0x6b11e7ba42c512b5:0x6e60d6b3b8e7d02d!8m2!3d-33.4882068!4d149.5803178!16s%2Fg%2F11ll5gwrdn!19sChIJtRLFQrrnEWsRLdDnuLPWYG4?authuser=0&hl=en&rclk=1,Bespoke Building & Contracting,5.0,(2),Construction company,·,,Closed,· Opens 7 AM Wed,,+61 437 799 346,http://www.bespoke-building.com/?utm_source=google&utm_medium=organic&utm_campaign=gmb,,Website,,Directions,https://ssl.gstatic.com/local/servicebusiness/default_user.png,"""I would not hesitate to recommend them.""",,,,,
https://www.google.com/maps/place/BZBuilds/data=!4m7!3m6!1s0x655af2437faf2393:0x2ddb65e1a4d4cc57!8m2!3d-33.8502868!4d148.640218!16s%2Fg%2F11vz0pjp_l!19sChIJkyOvf0PyWmURV8zUpOFl2y0?authuser=0&hl=en&rclk=1,BZBuilds,,,Construction company,Open,· Closes 7 PM,·,,,+61 447 455 556,,,Directions,,,,,,,,,No reviews
https://www.google.com/maps/place/ANR+CONSTRUCTION/data=!4m7!3m6!1s0x6b12b10b988eb5bf:0xdd2fe7b1104e6827!8m2!3d-32.8311501!4d150.0523618!16s%2Fg%2F11nxszg4gn!19sChIJv7WOmAuxEmsRJ2hOELHnL90?authuser=0&hl=en&rclk=1,ANR CONSTRUCTION,5.0,(3),Carpenter,·,,Open 24 hours,,,+61 488 009 669,http://www.anrcon.com.au/,,Website,,Directions,,Online estimates,,,,,
https://www.google.com/maps/place/Blitz+Constructions/data=!4m7!3m6!1s0x8eed3349c6994487:0x31d77bf0a7ea2a73!8m2!3d-33.168!4d150.0023989!16s%2Fg%2F11l_2t9p74!19sChIJh0SZxkkz7Y4Rcyrqp_B71zE?authuser=0&hl=en&rclk=1,Blitz Constructions,,,Home builder,·,,Open 24 hours,,,+61 435 032 359,https://www.blitzconstructions.com.au/,,Website,,Directions,,,,,,,No reviews
https://www.google.com/maps/place/CO+BUILD+PTY+LIMITED/data=!4m7!3m6!1s0x6ece0618dd990d5d:0x42dcbb7f0e1a19b2!8m2!3d-32.8311501!4d150.0523618!16s%2Fg%2F11t6h5d2qx!19sChIJXQ2Z3RgGzm4RshkaDn-73EI?authuser=0&hl=en&rclk=1,CO BUILD PTY LIMITED,,,Home builder,·,,Closed,· Opens 9 AM Wed,,+61 2 4930 5655,https://www.cobuilding.com.au/,,Website,,Directions,,,,,,,No reviews
https://www.google.com/maps/place/Ross+Clark+Constructions/data=!4m7!3m6!1s0x6b11e51485f1b6f1:0x81ddee67b1762682!8m2!3d-33.4774986!4d149.5803178!16s%2Fg%2F11h2hdjdw8!19sChIJ8bbxhRTlEWsRgiZ2sWfu3YE?authuser=0&hl=en&rclk=1,Ross Clark Constructions,,,Construction company,Closed,· Opens 7 AM Wed,·,,,+61 412 358 087,,,Directions,,,,,,,,,No reviews
https://www.google.com/maps/place/JMAC+Building+Group/data=!4m7!3m6!1s0x44281917cd8eac69:0xc8b5fa3b0b7b77f4!8m2!3d-31.5164509!4d148.7837705!16s%2Fg%2F11ltk9d4_b!19sChIJaayOzRcZKEQR9Hd7Czv6tcg?authuser=0&hl=en&rclk=1,JMAC Building Group,5.0,(1),Home builder,·,,Closed,· Opens 7 AM Wed,,+61 455 812 351,https://jmacbuild.com.au/,,Website,,Directions,,Online estimates,,,,,
https://www.google.com/maps/place/Good+As+New+Carpentry+%26+Building/data=!4m7!3m6!1s0xbcb4e9d2389c733:0x5eef6398e9fdfb96!8m2!3d-33.8113788!4d148.6280578!16s%2Fg%2F11xgd2mqmx!19sChIJM8eJI51OywsRlvv96Zhj714?authuser=0&hl=en&rclk=1,Good As New Carpentry & Building,,,Construction company,Closed,· Opens 7 AM Wed,·,,,+61 409 257 324,,,Directions,,,,,,,,,No reviews
https://www.google.com/maps/place/Mitchell+%26+Co+Earthmoving/data=!4m7!3m6!1s0x4c76ff6d35844f3:0x446c34cb3ca56ee9!8m2!3d-32.2510626!4d150.0523618!16s%2Fg%2F11sgb45dmv!19sChIJ80RY0_ZvxwQR6W6lPMs0bEQ?authuser=0&hl=en&rclk=1,Mitchell & Co Earthmoving,5.0,(1),Earth works company,·,,Closed,· Opens 8 AM Wed,,+61 2 6105 9212,https://www.macearth.com.au/,,Website,,Directions,https://ssl.gstatic.com/local/servicebusiness/default_user.png,"""They offer high quality earthmoving for a discount price.""",,,,,
https://www.google.com/maps/place/D+Guthrie+Contracting/data=!4m7!3m6!1s0x43197562cad26171:0x6a828e5d91c9828c!8m2!3d-32.2754052!4d147.2633362!16s%2Fg%2F11q3mv8p62!19sChIJcWHSymJ1GUMRjILJkV2Ogmo?authuser=0&hl=en&rclk=1,D Guthrie Contracting,,,Earth works company,Open 24 hours,,·,,,+61 427 948 771,,,Directions,,,,,,,,,No reviews
https://www.google.com/maps/place/Countryside+Builders/data=!4m7!3m6!1s0x428af00c95100543:0x1d07422ece040dad!8m2!3d-32.5042492!4d149.6033741!16s%2Fg%2F11vkl00lv9!19sChIJQwUQlQzwikIRrQ0Ezi5CBx0?authuser=0&hl=en&rclk=1,Countryside Builders,5.0,(1),Home builder,·,,Closed,· Opens 8 AM Wed,,+61 421 558 929,https://www.localsearch.com.au/profile/countryside-builders/clmfxg51f001k08l6e7w08be2/?utm_source=google&utm_medium=organic&utm_campaign=gmb,,Website,,Directions,https://ssl.gstatic.com/local/servicebusiness/default_user.png,"""The end result has far exceeded our expectations.""",,,,,
https://www.google.com/maps/place/House+To+Home+Finishes/data=!4m7!3m6!1s0x6b12ba957709aad1:0x3ef2fc1e3c089456!8m2!3d-33.8839989!4d151.1143549!16s%2Fg%2F11b7rnc877!19sChIJ0aoJd5W6EmsRVpQIPB788j4?authuser=0&hl=en&rclk=1,House To Home Finishes,5.0,(6),Custom home builder,·,32 The Strand,Closed,· Opens 9 AM Wed,·,+61 2 8378 2811,http://h2hfinishes.com.au/,,Website,,Directions,https://ssl.gstatic.com/local/servicebusiness/default_user.png,"""They have been a pleasure to work with from start to finish.""",,,,,
https://www.google.com/maps/place/Cosbuild/data=!4m7!3m6!1s0x637ac02044dfa09b:0xd35bcc63a842b27a!8m2!3d-32.2657783!4d148.3157505!16s%2Fg%2F11wvmkn9xn!19sChIJm6DfRCDAemMRerJCqGPMW9M?authuser=0&hl=en&rclk=1,Cosbuild,,,Construction company,·,,Open,· Closes 3:30 AM,,+61 487 062 902,https://www.cosbuild.com.au/,,Website,,Directions,,,,,,,No reviews
