place_id,business_name,rating,UY7F9,category,W4Efsd (2),address,W4Efsd (4),W4Efsd (5),x,website,Cw1rxd,R8c4Qb,Cw1rxd (2),R8c4Qb (2),Jn12ke src,ah5Ghc,ah5Ghc (2),whatsapp_number,doJOZc,W4Efsd (6),W4Efsd (7),M4A5Cf,e4rVHe,email
https://www.google.com/maps/place/Business+NSW/data=!4m7!3m6!1s0x6b12af75dd41867d:0xe8751fb39019c999!8m2!3d-33.8664566!4d151.2108875!16s%2Fg%2F11n06jz2f1!19sChIJfYZB3XWvEmsRmckZkLMfdeg?authuser=0&hl=en&rclk=1,Business NSW,No reviews,Business management consultant,·,,·,8 Chifley Square,Closed,· Opens 7 AM Tue,http://businessnsw.com/,,Website,,Directions,,,,,,,,,,ben.pike@businessnsw.com
https://www.google.com/maps/place/Sydney+Business+%28Parramatta%29/data=!4m7!3m6!1s0x6b12a3219aea594d:0xa60a3fd309809e65!8m2!3d-33.818789!4d151.0055593!16s%2Fg%2F11f2b6082w!19sChIJTVnqmiGjEmsRZZ6ACdM_CqY?authuser=0&hl=en&rclk=1,Sydney Business (Parramatta),,Business management consultant,·,,·,Suite 1 Level 1/20 Wentworth St,Closed,· Opens 9 AM Tue,http://www.sydneybusiness.org.au/,,Website,,Directions,5,-1,·,+61 2 9415 2630,https://ssl.gstatic.com/local/servicebusiness/default_user.png,"""Good service""",,,,info@sydneybusiness.org.au
https://www.google.com/maps/place/My+Business/data=!4m7!3m6!1s0x6b12aef2a9f0cedf:0x562703992f0df801!8m2!3d-33.8665474!4d151.2110724!16s%2Fg%2F1ptwzf1jz!19sChIJ387wqfKuEmsRAfgNL5kDJ1Y?authuser=0&hl=en&rclk=1,My Business,,Business to business service,·,,·,"8 Chifely Square, Martin Pl",Closed,· Opens 8:30 AM Tue,https://www.mybusiness.com.au/,,Website,,Directions,5,-2,·,+61 132696,,,,,,
https://www.google.com/maps/place/Central+NSW+Business+HQ+%28BizHQ%29/data=!4m7!3m6!1s0x6b102cd4675ecb83:0xa5bc5071e8fcde06!8m2!3d-33.2843704!4d149.10283!16s%2Fg%2F1v4pt44w!19sChIJg8teZ9QsEGsRBt786HFQvKU?authuser=0&hl=en&rclk=1,Central NSW Business HQ (BizHQ),,Business management consultant,·,,"Level 1, Suite 3E 296/298 Summer St",·,Closed,· Opens 9 AM Tue,https://www.bizhq.com.au/,,Website,,Directions,5,-8,,+61 1300 232 249,https://ssl.gstatic.com/local/servicebusiness/default_user.png,"""I wouldn't have been able to grow my",,business,"without them!""",
https://www.google.com/maps/place/S38+Business+Management/data=!4m7!3m6!1s0x6b12a527afe06437:0xdc42ef0c273376d4!8m2!3d-33.8128051!4d151.1061019!16s%2Fg%2F11flbg2d2m!19sChIJN2TgryelEmsR1HYzJwzvQtw?authuser=0&hl=en&rclk=1,S38 Business Management,,Business management consultant,·,,"C/O Coworking Hub Attn: S38 Business Management Top, Shopping Centre, Level 2 / 109/129 Blaxland Rd",·,Closed,· Opens 9 AM Tue,http://s38businessmanagement.com.au/,,Website,,Directions,5,-18,,+61 451 584 288,https://ssl.gstatic.com/local/servicebusiness/default_user.png,"""Steph from S38",,Business,"Management is a delight to work with.""",steph@s38businessmanagement.com.au
https://www.google.com/maps/place/New+South+Wales+Leaders/data=!4m7!3m6!1s0x6b12ae408eabec21:0x2b01b3944499b3ff!8m2!3d-33.870846!4d151.2074356!16s%2Fg%2F11cm70nrm9!19sChIJIeyrjkCuEmsR_7OZRJSzASs?authuser=0&hl=en&rclk=1,New South Wales Leaders,No reviews,Business development service,·,,·,Sydney CBD,Closed,· Opens 9 AM Tue,http://nswleaders.com.au/,,Website,,Directions,,,,,,,,,,info@nswleaders.com.au
https://www.google.com/maps/place/Business+Western+Sydney/data=!4m7!3m6!1s0x6b12a397f64c73ab:0x1f8450b31254efa3!8m2!3d-33.8166631!4d151.004766!16s%2Fg%2F11px4t8rnj!19sChIJq3NM9pejEmsRo-9UErNQhB8?authuser=0&hl=en&rclk=1,Business Western Sydney,,Business management consultant,·,,·,"12 Darcy St Podium Level 2, 4 Parramatta Sq",Closed,· Opens 9 AM Tue,http://www.businesswesternsydney.com/,,Website,,Directions,5,-1,·,+61 2 9466 4429,,On-site services,·,Online appointments,,alan.mascarenhas@businesswesternsydney.com; bruce.mcclelland@businesswesternsydney.com; enquiries@businesswesternsydney.com; kerrie-anne.mcleod@businesswesternsydney.com
https://www.google.com/maps/place/Central+NSW+Business+HQ+%28BizHQ%29/data=!4m7!3m6!1s0x6b102cd4675ecb83:0xa5bc5071e8fcde06!8m2!3d-33.2843704!4d149.10283!16s%2Fg%2F1v4pt44w!19sChIJg8teZ9QsEGsRBt786HFQvKU?authuser=0&hl=en&rclk=1,Central NSW Business HQ (BizHQ),,Business management consultant,·,,"Level 1, Suite 3E 296/298 Summer St",·,Closed,· Opens 9 AM Tue,https://www.bizhq.com.au/,,Website,,Directions,5,-8,,+61 1300 232 249,https://ssl.gstatic.com/local/servicebusiness/default_user.png,"""I wouldn't have been able to grow my",,business,"without them!""",
https://www.google.com/maps/place/Empire+Business+Services/data=!4m7!3m6!1s0x6b12b016d7684f8d:0x6ab4ce1ad03a8484!8m2!3d-33.8970691!4d151.1733888!16s%2Fg%2F1tdn47g0!19sChIJjU9o1xawEmsRhIQ60BrOtGo?authuser=0&hl=en&rclk=1,Empire Business Services,,Business to business service,·,,Ground Floor 14/39 Phillip St,·,Closed,· Opens 9 AM Tue,http://empirebiz.com.au/,,Website,,Directions,5,-11,,+61 1300 760 660,https://ssl.gstatic.com/local/servicebusiness/default_user.png,"""Empire",,Business,"Services are both helpful and extremely knowledgable.""",
https://www.google.com/maps/place/Baser+Business+Services+Pty+Ltd/data=!4m7!3m6!1s0x6b12a57704215aff:0xbf3c22a7d29c1baf!8m2!3d-33.8300686!4d151.1262303!16s%2Fg%2F11h6nz474b!19sChIJ_1ohBHelEmsRrxuc0qciPL8?authuser=0&hl=en&rclk=1,Baser Business Services Pty Ltd,,Accounting firm,·,,"Unit 17, Level 2/1-7 Jordan St",,,,,,Directions,,,5,-1,,+61 2 9817 8862,,,,,,
https://www.google.com/maps/place/Business+Positive/data=!4m7!3m6!1s0x6b12af07e6955bcb:0xf75467f3ef729ec3!8m2!3d-33.6581064!4d150.0336516!16s%2Fg%2F11fn21ypd6!19sChIJy1uV5gevEmsRw55y7_NnVPc?authuser=0&hl=en&rclk=1,Business Positive,,Business management consultant,·,,,,Closed,· Opens 8:30 AM Tue,http://www.businesspositive.com.au/,,Website,,Directions,5,-11,,+61 431 018 504,https://ssl.gstatic.com/local/servicebusiness/default_user.png,"""Highly recommend.""",,,,hello@businesspositive.com.au
https://www.google.com/maps/place/Realise+Business/data=!4m7!3m6!1s0x6b12c76585759f6d:0x2e7596c6848621e4!8m2!3d-33.8664701!4d151.2081952!16s%2Fg%2F1tcz_pfn!19sChIJbZ91hWXHEmsR5CGGhMaWdS4?authuser=0&hl=en&rclk=1,Realise Business,,Business management consultant,·,,"Suite 1102, Level 11/115 Pitt St",·,Closed,· Opens 9 AM Tue,http://realise.business/,,Website,,Directions,4.8,-5,,+61 2 9545 5900,,On-site services,,,,
https://www.google.com/maps/place/Baser+Business+Services+Pty+Ltd/data=!4m7!3m6!1s0x6b12a57704215aff:0xbf3c22a7d29c1baf!8m2!3d-33.8300686!4d151.1262303!16s%2Fg%2F11h6nz474b!19sChIJ_1ohBHelEmsRrxuc0qciPL8?authuser=0&hl=en&rclk=1,Baser Business Services Pty Ltd,,Accounting firm,·,,"Unit 17, Level 2/1-7 Jordan St",,,,,,Directions,,,5,-1,,+61 2 9817 8862,,,,,,
https://www.google.com/maps/place/New+Hunter+Business/data=!4m7!3m6!1s0x6b731442be196057:0x561ba73bd9f05ed1!8m2!3d-32.9286331!4d151.7695866!16s%2Fg%2F11cknf4ly6!19sChIJV2AZvkIUc2sR0V7w2TunG1Y?authuser=0&hl=en&rclk=1,New Hunter Business,,Business management consultant,·,,265 King St,·,Closed,· Opens 9 AM Tue,http://newhunterbusiness.org/,,Website,,Directions,4.7,-3,,+61 2 4925 7700,https://ssl.gstatic.com/local/servicebusiness/default_user.png,"""This beautiful lady helped me over the phone and resolved my issue.""",,,,
https://www.google.com/maps/place/Happen+Business+Pty+Ltd/data=!4m7!3m6!1s0x6b12b91b0b20bc4f:0xe91d5182f97113e0!8m2!3d-33.7866095!4d151.1311262!16s%2Fg%2F1tfdy_yb!19sChIJT7wgCxu5EmsR4BNx-YJRHek?authuser=0&hl=en&rclk=1,Happen Business Pty Ltd,,Business to business service,·,,"7, Suite 1/01 Eden Park Dr",·,Closed,· Opens 9 AM Tue,https://jim2.com.au/?utm_campaign=mybusinesspage&utm_medium=organic&utm_source=google,,Website,,Directions,5,-2,,+61 1300 005 462,https://ssl.gstatic.com/local/servicebusiness/default_user.png,"""They return phone calls and usually fix all the issues in one phone call.""",,,,
https://www.google.com/maps/place/Business+Growth+and+Exit+Specialists+-+BGES.co/data=!4m7!3m6!1s0x6b12a3193538d329:0xfbd2da932af0aacf!8m2!3d-33.813027!4d151.006282!16s%2Fg%2F11b77kb6ks!19sChIJKdM4NRmjEmsRz6rwKpPa0vs?authuser=0&hl=en&rclk=1,Business Growth and Exit Specialists - BGES.co,,Business management consultant,·,,7/91 Phillip St,·,Closed,· Opens 9 AM Tue,http://bges.co/,,Website,,Directions,5,-22,,+61 1300 877 878,https://ssl.gstatic.com/local/servicebusiness/default_user.png,"""Highly recommended for strategic",,business,"exit!""""",info@bges.co
https://www.google.com/maps/place/Business+Hunter/data=!4m7!3m6!1s0x6b7314e445c35cf7:0xb00f4103aac7c76c!8m2!3d-32.923678!4d151.723128!16s%2Fg%2F11gzvcf0s!19sChIJ91zDReQUc2sRbMfHqgNBD7A?authuser=0&hl=en&rclk=1,Business Hunter,,Non-profit organization,·,,level 1/165 Lambton Rd,·,Closed,· Opens 8:30 AM Tue,http://www.businesshunter.com/,,Website,,Directions,4.2,-5,,+61 2 9466 4665,https://ssl.gstatic.com/local/servicebusiness/default_user.png,"""Good service""",,,,info@businesshunter.com
https://www.google.com/maps/place/Mandy+Millan+%E2%80%93+Brand+%26+Business+Growth+Strategist+%7C+Founder+of+The+REACH+Movement/data=!4m7!3m6!1s0x6b72b7b1b019e865:0xa4b784e7edab090c!8m2!3d-33.3146575!4d151.3111836!16s%2Fg%2F11jssx4ny_!19sChIJZegZsLG3cmsRDAmr7eeEt6Q?authuser=0&hl=en&rclk=1,Mandy Millan – Brand & Business Growth Strategist | Founder of The REACH Movement,,Business management consultant,·,,,,Closed,· Opens 9 AM Tue,http://www.mandymillan.com/,,Website,,Directions,5,-65,,+61 428 086 704,https://ssl.gstatic.com/local/servicebusiness/default_user.png,"""Mandy will keep you accountable and push your",,business,"to the next level.”""",
https://www.google.com/maps/place/Business+Backstage/data=!4m7!3m6!1s0x6b12af2c4b3e1d05:0xa32f420b9ffa88f5!8m2!3d-32.205415!4d136.1073692!16s%2Fg%2F11bwkdltc5!19sChIJBR0-SyyvEmsR9Yj6nwtCL6M?authuser=0&hl=en&rclk=1,Business Backstage,,Business management consultant,·,,,,Closed,· Opens 8 AM Tue,http://businessbackstage.com/,,Website,,Directions,5,-1,,+61 1300 113 016,,,,,,
https://www.google.com/maps/place/Business+Sydney/data=!4m7!3m6!1s0x6b12af3f24e9ff31:0x2c03ef17ac3e32b9!8m2!3d-33.8666315!4d151.2110732!16s%2Fg%2F11sv_x65gq!19sChIJMf_pJD-vEmsRuTI-rBfvAyw?authuser=0&hl=en&rclk=1,Business Sydney,,Business networking company,·,,·,Level 6/8 Chifley Square,Closed,· Opens 9 AM Tue,https://www.businesssydney.com/,,Website,,Directions,1,-1,,,,,,,,
https://www.google.com/maps/place/Business+Port+Stephens/data=!4m7!3m6!1s0x6b7383de21de40fd:0x81bd861a85979700!8m2!3d-32.205415!4d136.1073692!16s%2Fg%2F11cn94hckl!19sChIJ_UDeId6Dc2sRAJeXhRqGvYE?authuser=0&hl=en&rclk=1,Business Port Stephens,,Chamber of Commerce,·,,,,Closed,· Opens 9 AM Tue,https://www.businessportstephens.com/,,Website,,Directions,5,-3,,+61 455 844 751,https://ssl.gstatic.com/local/servicebusiness/default_user.png,"""The support and assistance they provide",,businesses,"is invaluable.""",admin@businessportstephens.com
https://www.google.com/maps/place/SB+Business+Services/data=!4m7!3m6!1s0x6b733d0998341f8f:0x63b71efd7236fd3f!8m2!3d-32.9279387!4d151.7592219!16s%2Fg%2F11nnd2rj_v!19sChIJjx80mAk9c2sRP_02cv0et2M?authuser=0&hl=en&rclk=1,SB Business Services,,Business management consultant,·,,61/63 Parry St,·,Closed,· Opens 9 AM Tue,http://www.sbbusinessservices.com/,,Website,,Directions,5,-5,,+61 419 668 110,https://ssl.gstatic.com/local/servicebusiness/default_user.png,"""Sophie is my go to for all things small",,business,".""",sophie@sbbusinessservices.com
https://www.google.com/maps/place/NSW+Business+Chamber/data=!4m7!3m6!1s0x6b12c7848d220303:0xb3ee809a16c1ff79!8m2!3d-34.03325!4d151.100912!16s%2Fg%2F11b5ytq1b4!19sChIJAwMijYTHEmsRef_BFpqA7rM?authuser=0&hl=en&rclk=1,NSW Business Chamber,No reviews,Business management consultant,·,,·,1b/12 Central Rd,Closed,· Opens 8:30 AM Tue,http://www.nswbusinesschamber.com.au/,,Website,,Directions,,,·,+61 132696,,,,,,
https://www.google.com/maps/place/Business+For+Sale/data=!4m7!3m6!1s0x6b12ae21bb1ff323:0x5eb7739b7a14d22!8m2!3d-33.8856474!4d151.2079913!16s%2Fg%2F1tdm_nm1!19sChIJI_MfuyGuEmsRIk2htzl36wU?authuser=0&hl=en&rclk=1,Business For Sale,,Business to business service,·,,3/425 Elizabeth St,·,Closed,· Opens 9 AM Tue,https://www.businessforsale.com.au/,,Website,,Directions,4.2,-13,,+61 2 9281 4599,https://ssl.gstatic.com/local/servicebusiness/default_user.png,"""A great platform to promote and sell your",,business,".""",
https://www.google.com/maps/place/Business+Illawarra/data=!4m7!3m6!1s0x6b1319a6a5556d47:0x9d503983cd246e6c!8m2!3d-34.4240073!4d150.891136!16s%2Fg%2F1vfn6thk!19sChIJR21VpaYZE2sRbG4kzYM5UJ0?authuser=0&hl=en&rclk=1,Business Illawarra,,Business center,·,,·,6-8 Regent St,Open 24 hours,,https://www.businessillawarra.com/,,Website,,Directions,5,-2,·,+61 2 9466 4620,,,,,,info@businessillawarra.com
https://www.google.com/maps/place/Business+Bubble/data=!4m7!3m6!1s0x6b12a318f5dd7fb5:0xadc4cfb1ba865898!8m2!3d-33.7551276!4d151.1521582!16s%2Fg%2F11bztfgzvt!19sChIJtX_d9RijEmsRmFiGurHPxK0?authuser=0&hl=en&rclk=1,Business Bubble,,Business management consultant,·,,Suite 1A Level 2/802 Pacific Hwy,·,Closed,· Opens 9 AM Tue,http://www.businessbubble.com.au/,,Website,,Directions,4.5,-2,,+61 1300 293 239,,,,,,info@businessbubble.com.au
https://www.google.com/maps/place/NSW+Business+Chamber/data=!4m7!3m6!1s0x6b12c7848d220303:0xb3ee809a16c1ff79!8m2!3d-34.03325!4d151.100912!16s%2Fg%2F11b5ytq1b4!19sChIJAwMijYTHEmsRef_BFpqA7rM?authuser=0&hl=en&rclk=1,NSW Business Chamber,No reviews,Business management consultant,·,,·,1b/12 Central Rd,Closed,· Opens 8:30 AM Tue,http://www.nswbusinesschamber.com.au/,,Website,,Directions,,,·,+61 132696,,,,,,
https://www.google.com/maps/place/Cambridge+Business+Services/data=!4m7!3m6!1s0x6b12a35855555555:0xa54636e44c38220c!8m2!3d-33.8672505!4d151.2077995!16s%2Fg%2F11clwn8vzb!19sChIJVVVVVVijEmsRDCI4TOQ2RqU?authuser=0&hl=en&rclk=1,Cambridge Business Services,,Business to business service,·,,6/4 Martin Pl,,,,http://cambridgebusinessservices.com.au/,,Website,,Directions,4,-1,,+61 1300 676 607,,,,,,info@mycbs.com.au
https://www.google.com/maps/place/MAD+Business/data=!4m7!3m6!1s0x6b0d4cb932dc091d:0xccbcc3ae45947780!8m2!3d-33.4085956!4d151.2500757!16s%2Fg%2F11cp7ffdby!19sChIJHQncMrlMDWsRgHeURa7DvMw?authuser=0&hl=en&rclk=1,MAD Business,,Business management consultant,·,,,,Open 24 hours,,http://www.madbusiness.com.au/,,Website,,Directions,5,-2,,+61 1300 858 909,,,,,,
"https://www.google.com/maps/place/Polished+Business+-+Advisory,+Training+%26+Bookkeeping/data=!4m7!3m6!1s0x6b13195eb6b7630b:0x283e96e7976d8a89!8m2!3d-32.205415!4d136.1073692!16s%2Fg%2F11c0xdm8_l!19sChIJC2O3tl4ZE2sRiYptl-eWPig?authuser=0&hl=en&rclk=1","Polished Business - Advisory, Training & Bookkeeping",,Business management consultant,·,,,,Closed,· Opens 9 AM Tue,http://www.polishedbusiness.com/,,Website,,Directions,4.8,-20,,+61 2 9052 6814,https://ssl.gstatic.com/local/servicebusiness/default_user.png,"""Kimberly from polished",,business,"is nothing short of amazing!""",
https://www.google.com/maps/place/NSW+Small+Business+Commissioner/data=!4m7!3m6!1s0x6b12ae400e5ba88b:0xde9e9b5872e62079!8m2!3d-33.8165507!4d151.0042704!16s%2Fg%2F11jgdr2f1w!19sChIJi6hbDkCuEmsReSDmclibnt4?authuser=0&hl=en&rclk=1,NSW Small Business Commissioner,,Government office,·,,·,"4 Parramatta Square, 12 Darcy St",Closed,· Opens 8:30 AM Tue,https://www.smallbusiness.nsw.gov.au/,,Website,,Directions,3.7,-9,·,+61 1300 795 534,https://ssl.gstatic.com/local/servicebusiness/default_user.png,"""Highly recommend.""",,,,
https://www.google.com/maps/place/Baser+Business+Services+Pty+Ltd/data=!4m7!3m6!1s0x6b12a57704215aff:0xbf3c22a7d29c1baf!8m2!3d-33.8300686!4d151.1262303!16s%2Fg%2F11h6nz474b!19sChIJ_1ohBHelEmsRrxuc0qciPL8?authuser=0&hl=en&rclk=1,Baser Business Services Pty Ltd,,Accounting firm,·,,"Unit 17, Level 2/1-7 Jordan St",,,,,,Directions,,,5,-1,,+61 2 9817 8862,,,,,,
https://www.google.com/maps/place/LIFE+OF+BUSINESS/data=!4m7!3m6!1s0x6b12b74ddb900001:0xe46477b51ac2e684!8m2!3d-34.0426428!4d151.1070419!16s%2Fg%2F11kn2yxb1_!19sChIJAQCQ2023EmsRhObCGrV3ZOQ?authuser=0&hl=en&rclk=1,LIFE OF BUSINESS,,Business to business service,·,,61 Matson Cres,·,Closed,· Opens 8 AM Tue,https://www.lifeofbusiness.com.au/,,Website,,Directions,5,-9,,+61 402 737 185,https://ssl.gstatic.com/local/servicebusiness/default_user.png,"""Bobak was able to help scale my",,business,".""",team@lifeofbusiness.com.au
https://www.google.com/maps/place/Orange+Business+Services/data=!4m7!3m6!1s0x6b12a606f68cd983:0x7d0bc99e4288739e!8m2!3d-33.8408803!4d151.2082701!16s%2Fg%2F11df7jp72j!19sChIJg9mM9gamEmsRnnOIQp7JC30?authuser=0&hl=en&rclk=1,Orange Business Services,,Corporate office,·,,·,Level 12/32 Walker St,Closed,· Opens 9 AM Tue,https://www.orange-business.com/en,,Website,,Directions,4.5,-2,·,+61 2 8304 3000,,,,,,
https://www.google.com/maps/place/Business+Coach+Sydney/data=!4m7!3m6!1s0x6b12a37b230b801d:0x23033e40453edd8a!8m2!3d-33.8153895!4d151.009417!16s%2Fg%2F11sx518lp5!19sChIJHYALI3ujEmsRit0-RUA-AyM?authuser=0&hl=en&rclk=1,Business Coach Sydney,,Business management consultant,·,,19/103 George St,·,Closed,· Opens 9 AM Tue,https://www.businesscoachsydney.com/,,Website,,Directions,5,-6,,+61 1300 254 320,https://ssl.gstatic.com/local/servicebusiness/default_user.png,"""I would highly recommend engaging with his services!""",,,,info@businesscoachsydney.com
https://www.google.com/maps/place/South+West+Sydney+Business+Enterprise+Centre/data=!4m7!3m6!1s0x6b12f1e7e1556569:0x9787fba522e5f665!8m2!3d-34.037338!4d150.7566541!16s%2Fg%2F1pzwdq4cr!19sChIJaWVV4efxEmsRZfblIqX7h5c?authuser=0&hl=en&rclk=1,South West Sydney Business Enterprise Centre,,Business center,·,,·,12/70 Topham Rd,,,https://bdcmacarthur.com.au/,,Website,,Directions,4,-6,,+61 2 4647 6232,,,,,,
https://www.google.com/maps/place/News+to+Business/data=!4m7!3m6!1s0x6b12add975124e05:0xd30cb175a774a84!8m2!3d-32.205415!4d136.1073692!16s%2Fg%2F11g6_x5k4_!19sChIJBU4SddmtEmsRhEp3WhfLMA0?authuser=0&hl=en&rclk=1,News to Business,,Business management consultant,,,,,,,http://newstobusiness.com/,,Website,,Directions,5,-1,,+61 2 9327 7889,,,,,,
https://www.google.com/maps/place/Spek%27d/data=!4m7!3m6!1s0x4f3cf01bc3eaf95f:0xe8242701baaea65!8m2!3d-32.205415!4d136.1073692!16s%2Fg%2F11y3n000dx!19sChIJX_nqwxvwPE8RZeqqG3BCgg4?authuser=0&hl=en&rclk=1,Spek'd,,Business management consultant,·,,,,Closed,· Opens 9 AM Tue,https://www.spekd.com.au/,,Website,,Directions,5,-29,,+61 466 908 207,https://ssl.gstatic.com/local/servicebusiness/default_user.png,"""Sarah and Aly were a game changer for our",,business,".""",
https://www.google.com/maps/place/Business+Coach+Sydney/data=!4m7!3m6!1s0x6b12a37b230b801d:0x23033e40453edd8a!8m2!3d-33.8153895!4d151.009417!16s%2Fg%2F11sx518lp5!19sChIJHYALI3ujEmsRit0-RUA-AyM?authuser=0&hl=en&rclk=1,Business Coach Sydney,,Business management consultant,·,,19/103 George St,·,Closed,· Opens 9 AM Tue,https://www.businesscoachsydney.com/,,Website,,Directions,5,-6,,+61 1300 254 320,https://ssl.gstatic.com/local/servicebusiness/default_user.png,"""I would highly recommend engaging with his services!""",,,,info@businesscoachsydney.com
https://www.google.com/maps/place/Baser+Business+Services+Pty+Ltd/data=!4m7!3m6!1s0x6b12a57704215aff:0xbf3c22a7d29c1baf!8m2!3d-33.8300686!4d151.1262303!16s%2Fg%2F11h6nz474b!19sChIJ_1ohBHelEmsRrxuc0qciPL8?authuser=0&hl=en&rclk=1,Baser Business Services Pty Ltd,,Accounting firm,·,,"Unit 17, Level 2/1-7 Jordan St",,,,,,Directions,,,5,-1,,+61 2 9817 8862,,,,,,
https://www.google.com/maps/place/Business+Coach+Sydney/data=!4m7!3m6!1s0x6b12a37b230b801d:0x23033e40453edd8a!8m2!3d-33.8153895!4d151.009417!16s%2Fg%2F11sx518lp5!19sChIJHYALI3ujEmsRit0-RUA-AyM?authuser=0&hl=en&rclk=1,Business Coach Sydney,,Business management consultant,·,,19/103 George St,·,Closed,· Opens 9 AM Tue,https://www.businesscoachsydney.com/,,Website,,Directions,5,-6,,+61 1300 254 320,https://ssl.gstatic.com/local/servicebusiness/default_user.png,"""I would highly recommend engaging with his services!""",,,,info@businesscoachsydney.com
https://www.google.com/maps/place/NSW+Business+Chamber/data=!4m7!3m6!1s0x6b12c7848d220303:0xb3ee809a16c1ff79!8m2!3d-34.03325!4d151.100912!16s%2Fg%2F11b5ytq1b4!19sChIJAwMijYTHEmsRef_BFpqA7rM?authuser=0&hl=en&rclk=1,NSW Business Chamber,No reviews,Business management consultant,·,,·,1b/12 Central Rd,Closed,· Opens 8:30 AM Tue,http://www.nswbusinesschamber.com.au/,,Website,,Directions,,,·,+61 132696,,,,,,
https://www.google.com/maps/place/ABC+Business+Solutions/data=!4m7!3m6!1s0x6b12a93dac1ccc01:0x5931077f8276c3a1!8m2!3d-33.7842467!4d151.1183005!16s%2Fg%2F11flsj5jn6!19sChIJAcwcrD2pEmsRocN2gn8HMVk?authuser=0&hl=en&rclk=1,ABC Business Solutions,No reviews,Business management consultant,·,,"Avaya House, level 9/123 Epping Rd",·,Closed,· Opens 9 AM Tue,https://www.abcbusiness.com.au/,,Website,,Directions,,,,+61 1300 533 361,,On-site services,·,Online appointments,,info@abcbusiness.com.au
https://www.google.com/maps/place/Seed+%26+Sage+%7C+Business+Solutions+for+Entrepreneurs/data=!4m7!3m6!1s0x47e4a9c797ce418f:0x791f1c49edfb5f84!8m2!3d-32.8311501!4d150.0523618!16s%2Fg%2F11xnv5b232!19sChIJj0HOl8ep5EcRhF_77UkcH3k?authuser=0&hl=en&rclk=1,Seed & Sage | Business Solutions for Entrepreneurs,,Business management consultant,·,,,,Closed,· Opens 8 AM Tue,https://www.seedsage.com.au/,,Website,,Directions,5,-2,,+61 2 8488 4404,https://ssl.gstatic.com/local/servicebusiness/default_user.png,"""Everything they’ve done has been done with integrity and transparency.""",,,,
https://www.google.com/maps/place/Unity+Management+-+Building+Better+Business/data=!4m7!3m6!1s0x6b12ade1bb14e9a1:0x5fd13b79e3adca7e!8m2!3d-32.8311501!4d150.0523618!16s%2Fg%2F1tg5zsqz!19sChIJoekUu-GtEmsRfsqt43k70V8?authuser=0&hl=en&rclk=1,Unity Management - Building Better Business,,Business management consultant,·,,,,Closed,· Opens 9 AM Tue,https://www.unitymanagement.com.au/,,Website,,Directions,5,-4,,+61 2 9011 5220,,,,,,info@unitymanagement.com.au
https://www.google.com/maps/place/NSW+Business+Chamber/data=!4m7!3m6!1s0x6b12c7848d220303:0xb3ee809a16c1ff79!8m2!3d-34.03325!4d151.100912!16s%2Fg%2F11b5ytq1b4!19sChIJAwMijYTHEmsRef_BFpqA7rM?authuser=0&hl=en&rclk=1,NSW Business Chamber,No reviews,Business management consultant,·,,·,1b/12 Central Rd,Closed,· Opens 8:30 AM Tue,http://www.nswbusinesschamber.com.au/,,Website,,Directions,,,·,+61 132696,,,,,,
https://www.google.com/maps/place/Upsourced/data=!4m7!3m6!1s0x6b12f0f81b093f8b:0xaefd81eaa39dce9f!8m2!3d-26.4420924!4d136.0132792!16s%2Fg%2F11gfnjn099!19sChIJiz8JG_jwEmsRn86do-qB_a4?authuser=0&hl=en&rclk=1,Upsourced,,Business management consultant,·,,,,Closed,· Opens 9 AM Tue,http://upsourced.digital/,,Website,,Directions,5,-1,,+61 483 912 123,https://ssl.gstatic.com/local/servicebusiness/default_user.png,"""Upsourced has a been a game changer for my",,business,"!""",
https://www.google.com/maps/place/NSW+Business+Chamber/data=!4m7!3m6!1s0x6b12c7848d220303:0xb3ee809a16c1ff79!8m2!3d-34.03325!4d151.100912!16s%2Fg%2F11b5ytq1b4!19sChIJAwMijYTHEmsRef_BFpqA7rM?authuser=0&hl=en&rclk=1,NSW Business Chamber,No reviews,Business management consultant,·,,·,1b/12 Central Rd,Closed,· Opens 8:30 AM Tue,http://www.nswbusinesschamber.com.au/,,Website,,Directions,,,·,+61 132696,,,,,,
https://www.google.com/maps/place/Be+Business/data=!4m7!3m6!1s0x6b12a1eecc56f0cb:0xd7918da9a77bd60f!8m2!3d-33.8716897!4d151.2058413!16s%2Fg%2F1v5_9l66!19sChIJy_BWzO6hEmsRD9Z7p6mNkdc?authuser=0&hl=en&rclk=1,Be Business,,Business management consultant,·,,3 Spring St,·,Closed,· Opens 8 AM Tue,http://www.bebusiness.com.au/,,Website,,Directions,5,-1,,+61 1300 987 567,,,,,,
https://www.google.com/maps/place/Sydney+Olympic+Park+Business+Association/data=!4m7!3m6!1s0x6b12a57e2fb67645:0x93d04ee982bf26d!8m2!3d-33.8481605!4d151.0683109!16s%2Fg%2F11fjzwt4lz!19sChIJRXa2L36lEmsRbfIrmO4EPQk?authuser=0&hl=en&rclk=1,Sydney Olympic Park Business Association,,Business networking company,·,,·,"Level 1, Building A/1 Herb Elliott Ave",Closed,· Opens 9 AM Tue,http://www.sopba.com.au/,,Website,,Directions,5,-1,·,+61 2 9746 1200,https://ssl.gstatic.com/local/servicebusiness/default_user.png,"""Can walk through the region""",,,,
https://www.google.com/maps/place/Carrolls+Business+Solutions+Pty.+Ltd./data=!4m7!3m6!1s0x6b12a1ece63b2c09:0x4efc21db260f4dfb!8m2!3d-27.9965088!4d140.8580218!16s%2Fg%2F1td7nggz!19sChIJCSw75uyhEmsR-00PJtsh_E4?authuser=0&hl=en&rclk=1,Carrolls Business Solutions Pty. Ltd.,,Business management consultant,·,,,,Closed,· Opens 9 AM Tue,https://cbsau.com/,,Website,,Directions,5,-2,,+61 2 8007 6916,,,,,,
https://www.google.com/maps/place/BUSINESS+HOUSE+GROUP/data=!4m7!3m6!1s0x6b12af9f38194331:0xf4a93363c7d74672!8m2!3d-33.8684401!4d151.1937403!16s%2Fg%2F11flzkhlkp!19sChIJMUMZOJ-vEmsRckbXx2MzqfQ?authuser=0&hl=en&rclk=1,BUSINESS HOUSE GROUP,,Business management consultant,·,,level 4/100 Harris St,·,Closed,· Opens 9 AM Tue,https://www.businesshousegroup.com.au/,,Website,,Directions,4.9,-37,,+61 1300 839 733,https://ssl.gstatic.com/local/servicebusiness/default_user.png,"""I would highly recommend BHG to any",,business,"owner.""",
https://www.google.com/maps/place/Baser+Business+Services+Pty+Ltd/data=!4m7!3m6!1s0x6b12a57704215aff:0xbf3c22a7d29c1baf!8m2!3d-33.8300686!4d151.1262303!16s%2Fg%2F11h6nz474b!19sChIJ_1ohBHelEmsRrxuc0qciPL8?authuser=0&hl=en&rclk=1,Baser Business Services Pty Ltd,,Accounting firm,·,,"Unit 17, Level 2/1-7 Jordan St",,,,,,Directions,,,5,-1,,+61 2 9817 8862,,,,,,
https://www.google.com/maps/place/Momentum+Business+Improvement+Specialists/data=!4m7!3m6!1s0x6b731437aeb464c9:0x20665d21bc2566e7!8m2!3d-32.205415!4d136.1073692!16s%2Fg%2F11b6b9w4ct!19sChIJyWS0rjcUc2sR52YlvCFdZiA?authuser=0&hl=en&rclk=1,Momentum Business Improvement Specialists,,Business management consultant,·,,,,Closed,· Opens 9 AM Tue,http://www.momentumbiz.com.au/,,Website,,Directions,5,-7,,+61 2 4929 7082,https://ssl.gstatic.com/local/servicebusiness/default_user.png,"""great people lots of ideas""",,,,
https://www.google.com/maps/place/Sydney+Hills+Business+Chamber/data=!4m7!3m6!1s0x6b12a1eecc34e737:0x602b6b846915a4f4!8m2!3d-33.7310777!4d150.9694702!16s%2Fg%2F11bwfkh9yz!19sChIJN-c0zO6hEmsR9KQVaYRrK2A?authuser=0&hl=en&rclk=1,Sydney Hills Business Chamber,,Business management consultant,·,,·,4 Columbia Ct,Closed,· Opens 8 AM Tue,http://www.sydneyhillsbusiness.com.au/,,Website,,Directions,3,-1,·,+61 2 9659 3366,,,,,,membership@sydneyhillsbusiness.com.au
https://www.google.com/maps/place/Baser+Business+Services+Pty+Ltd/data=!4m7!3m6!1s0x6b12a57704215aff:0xbf3c22a7d29c1baf!8m2!3d-33.8300686!4d151.1262303!16s%2Fg%2F11h6nz474b!19sChIJ_1ohBHelEmsRrxuc0qciPL8?authuser=0&hl=en&rclk=1,Baser Business Services Pty Ltd,,Accounting firm,·,,"Unit 17, Level 2/1-7 Jordan St",,,,,,Directions,,,5,-1,,+61 2 9817 8862,,,,,,
https://www.google.com/maps/place/Strataconnect+Australia+Pty.+Ltd./data=!4m7!3m6!1s0x6b12a57c4edf587b:0x9a5ffa6dfeefa414!8m2!3d-32.205415!4d136.1073692!16s%2Fg%2F11h_cm7rdw!19sChIJe1jfTnylEmsRFKTv_m36X5o?authuser=0&hl=en&rclk=1,Strataconnect Australia Pty. Ltd.,,Business management consultant,,,,,,,https://strataconnect.net/,,Website,,Directions,5,-1,,+61 402 412 550,,Online appointments,,,,info@strataconnect.net
https://www.google.com/maps/place/New+Journey+365+%E2%80%93+Business+Consulting+%26+Digital+Advisory/data=!4m7!3m6!1s0x6b12afa1fb468ce3:0x356b2d23a5f77fcb!8m2!3d-33.8770886!4d151.2064259!16s%2Fg%2F11sqs8npsx!19sChIJ44xG-6GvEmsRy3_3pSMtazU?authuser=0&hl=en&rclk=1,New Journey 365 – Business Consulting & Digital Advisory,,Business management consultant,·,,45th-floor/680 George St,·,Closed,· Opens 9 AM Tue,http://www.newjourney365.com/,,Website,,Directions,5,-7,,+61 468 852 888,https://ssl.gstatic.com/local/servicebusiness/default_user.png,"""I will definitely referring your",,business,"to my networking and friends.""",
https://www.google.com/maps/place/Regional+Business+Specialists/data=!4m7!3m6!1s0x6b9dff233bdb952b:0x2b10744f8af63652!8m2!3d-31.4351201!4d152.9010712!16s%2Fg%2F11bwgwb09c!19sChIJK5XbOyP_nWsRUjb2ik90ECs?authuser=0&hl=en&rclk=1,Regional Business Specialists,,Business to business service,·,,Level 1 146/148 Gordon St,·,Closed,· Opens 8 AM Tue,http://www.regionalbusinessspecialists.com.au/,,Website,,Directions,5,-3,,+61 458 658 400,,,,,,
https://www.google.com/maps/place/Digital+Business+Management/data=!4m7!3m6!1s0x6b72ca70adc99c95:0xe556306dfea5b758!8m2!3d-33.436015!4d151.385789!16s%2Fg%2F11clsqt4rl!19sChIJlZzJrXDKcmsRWLel_m0wVuU?authuser=0&hl=en&rclk=1,Digital Business Management,,Business management consultant,·,,1/188 The Entrance Rd,·,Closed,· Opens 9 AM Tue,http://digitalbm.com.au/,,Website,,Directions,5,-1,,+61 2 4365 3199,,,,,,office@digitalbm.com.au
https://www.google.com/maps/place/NSW+Business+Chamber/data=!4m7!3m6!1s0x6b12c7848d220303:0xb3ee809a16c1ff79!8m2!3d-34.03325!4d151.100912!16s%2Fg%2F11b5ytq1b4!19sChIJAwMijYTHEmsRef_BFpqA7rM?authuser=0&hl=en&rclk=1,NSW Business Chamber,No reviews,Business management consultant,·,,·,1b/12 Central Rd,Closed,· Opens 8:30 AM Tue,http://www.nswbusinesschamber.com.au/,,Website,,Directions,,,·,+61 132696,,,,,,
"https://www.google.com/maps/place/Business+Mentors+Australia+-+Business+Consulting,+Insurance+Broker,+Property+Investment/data=!4m7!3m6!1s0x6b12a362d7dd2505:0xc0d96f9ee03ad85b!8m2!3d-33.8131305!4d151.0063682!16s%2Fg%2F11nxc8zd10!19sChIJBSXd12KjEmsRW9g64J5v2cA?authuser=0&hl=en&rclk=1","Business Mentors Australia - Business Consulting, Insurance Broker, Property Investment",,Business management consultant,·,,7/91 Phillip St,·,Closed,· Opens 9 AM Tue,https://bma.consulting/,,Website,,Directions,5,-13,,+61 1300 141 312,,,,,,
https://www.google.com/maps/place/Nexus+Service+Manager/data=!4m7!3m6!1s0x6b12ba2b0ed12615:0x6ff073e3cb13f5ef!8m2!3d-32.205415!4d136.1073692!16s%2Fg%2F11clsj66fz!19sChIJFSbRDiu6EmsR7_UTy-Nz8G8?authuser=0&hl=en&rclk=1,Nexus Service Manager,,Business management consultant,·,,,,Closed,· Opens 9 AM Tue,https://www.nexusservicemanager.com.au/,,Website,,Directions,5,-10,,+61 1300 301 302,https://ssl.gstatic.com/local/servicebusiness/default_user.png,"""Nexus Service Manger has been a game changer to our",,business,".""",
https://www.google.com/maps/place/Leader+By+Design+-+Leadership+Development+%26+Business+Coaching/data=!4m7!3m6!1s0x6b72cb83be8d68bb:0x1f8718344330b6e!8m2!3d-33.0911691!4d151.1813865!16s%2Fg%2F11f75z26hs!19sChIJu2iNvoPLcmsRbgszRINx-AE?authuser=0&hl=en&rclk=1,Leader By Design - Leadership Development & Business Coaching,,Business management consultant,·,,,,Closed,· Opens 8:30 AM Tue,https://leaderbydesign.au/,,Website,,Directions,5,-16,,+61 417 191 409,https://ssl.gstatic.com/local/servicebusiness/default_user.png,"""You really impressed not only me, but those in the studio audience as well.""",,,,
https://www.google.com/maps/place/Baser+Business+Services+Pty+Ltd/data=!4m7!3m6!1s0x6b12a57704215aff:0xbf3c22a7d29c1baf!8m2!3d-33.8300686!4d151.1262303!16s%2Fg%2F11h6nz474b!19sChIJ_1ohBHelEmsRrxuc0qciPL8?authuser=0&hl=en&rclk=1,Baser Business Services Pty Ltd,,Accounting firm,·,,"Unit 17, Level 2/1-7 Jordan St",,,,,,Directions,,,5,-1,,+61 2 9817 8862,,,,,,
https://www.google.com/maps/place/Sage+Business+Solutions/data=!4m7!3m6!1s0x6b12a8d49fc03071:0xf22230db5d3318dc!8m2!3d-33.8684026!4d151.2062147!16s%2Fg%2F1tdm_nks!19sChIJcTDAn9SoEmsR3BgzXdswIvI?authuser=0&hl=en&rclk=1,Sage Business Solutions,,Software company,·,,·,66 King St,Closed,· Opens 8:30 AM Tue,http://www.sage.com/en-au,,Website,,Directions,4,-26,·,+61 1800 222 040,https://ssl.gstatic.com/local/servicebusiness/default_user.png,"""Great office space""",,,,
https://www.google.com/maps/place/Business+Coaching+Sydney/data=!4m7!3m6!1s0x6b12a1eecc4b90e1:0xcb3525174e6a4d3b!8m2!3d-32.7153521!4d134.5009592!16s%2Fg%2F11c54c1bc6!19sChIJ4ZBLzO6hEmsRO01qThclNcs?authuser=0&hl=en&rclk=1,Business Coaching Sydney,,Business management consultant,·,,,,Closed,· Opens 9 AM Tue,https://asheraaroncoaching.com/,,Website,,Directions,5,-4,,+61 411 912 707,,,,,,
https://www.google.com/maps/place/Baser+Business+Services+Pty+Ltd/data=!4m7!3m6!1s0x6b12a57704215aff:0xbf3c22a7d29c1baf!8m2!3d-33.8300686!4d151.1262303!16s%2Fg%2F11h6nz474b!19sChIJ_1ohBHelEmsRrxuc0qciPL8?authuser=0&hl=en&rclk=1,Baser Business Services Pty Ltd,,Accounting firm,·,,"Unit 17, Level 2/1-7 Jordan St",,,,,,Directions,,,5,-1,,+61 2 9817 8862,,,,,,
https://www.google.com/maps/place/Baser+Business+Services+Pty+Ltd/data=!4m7!3m6!1s0x6b12a57704215aff:0xbf3c22a7d29c1baf!8m2!3d-33.8300686!4d151.1262303!16s%2Fg%2F11h6nz474b!19sChIJ_1ohBHelEmsRrxuc0qciPL8?authuser=0&hl=en&rclk=1,Baser Business Services Pty Ltd,,Accounting firm,·,,"Unit 17, Level 2/1-7 Jordan St",,,,,,Directions,,,5,-1,,+61 2 9817 8862,,,,,,
https://www.google.com/maps/place/Forbes+Business+Solutions+%28Australia%29/data=!4m7!3m6!1s0x6b1a8dc11fb310ab:0x997cda72386a0630!8m2!3d-33.3994383!4d148.0144819!16s%2Fg%2F11kqq4vw2y!19sChIJqxCzH8GNGmsRMAZqOHLafJk?authuser=0&hl=en&rclk=1,Forbes Business Solutions (Australia),No reviews,Business management consultant,·,,Unit 9 67/69 Bathurst St,,,,https://facebook.com/ForbesBusinessSoultiond,,Website,,Directions,,,,+61 487 611 321,,,,,,
https://www.google.com/maps/place/The+Business+Plan+Company/data=!4m7!3m6!1s0x6b12af573816a0af:0x12525391ca7cdfea!8m2!3d-33.8663352!4d151.2065185!16s%2Fg%2F11f8gnqjfw!19sChIJr6AWOFevEmsR6t98ypFTUhI?authuser=0&hl=en&rclk=1,The Business Plan Company,No reviews,Business management consultant,·,,Level 13/50 Carrington St,·,Closed,· Opens 9 AM Tue,http://www.businessplancompany.com.au/,,Website,,Directions,,,,+61 414 609 719,,,,,,enquiries@businessplancompany.com.au
https://www.google.com/maps/place/Sydney+Business+Plan/data=!4m7!3m6!1s0x6b12bd87344041a9:0x1aef9505f842ed2e!8m2!3d-33.870656!4d150.9557282!16s%2Fg%2F11llkbm0kl!19sChIJqUFANIe9EmsRLu1C-AWV7xo?authuser=0&hl=en&rclk=1,Sydney Business Plan,No reviews,Business management consultant,·,,Unit 3/42-46 Spencer St,·,Closed,· Opens 9 AM Tue,http://sydneybusinessplan.com.au/,,Website,,Directions,,,,+61 414 474 423,,,,,,
https://www.google.com/maps/place/Baser+Business+Services+Pty+Ltd/data=!4m7!3m6!1s0x6b12a57704215aff:0xbf3c22a7d29c1baf!8m2!3d-33.8300686!4d151.1262303!16s%2Fg%2F11h6nz474b!19sChIJ_1ohBHelEmsRrxuc0qciPL8?authuser=0&hl=en&rclk=1,Baser Business Services Pty Ltd,,Accounting firm,·,,"Unit 17, Level 2/1-7 Jordan St",,,,,,Directions,,,5,-1,,+61 2 9817 8862,,,,,,
https://www.google.com/maps/place/Business+Highway/data=!4m7!3m6!1s0x6b0f7145756d01bf:0x1d67bb7aeceb76d9!8m2!3d-32.277734!4d148.2164461!16s%2Fg%2F11qpsfqjh2!19sChIJvwFtdUVxD2sR2Xbr7Hq7Zx0?authuser=0&hl=en&rclk=1,Business Highway,,Business management consultant,,,,,Closed,· Opens 9 AM Tue,http://www.businesshighway.com.au/,,Website,,Directions,5,-1,,,,,,,,
https://www.google.com/maps/place/Parramatta+Business+Networking/data=!4m7!3m6!1s0x6b12a31ec8a5bb0b:0xc5f62482a8d63a3c!8m2!3d-33.8132478!4d151.0057173!16s%2Fg%2F11c3tqs718!19sChIJC7ulyB6jEmsRPDrWqIIk9sU?authuser=0&hl=en&rclk=1,Parramatta Business Networking,,Business to business service,·,,Shop 3/1 Horwood Pl,·,Closed,· Opens 7 AM Tue,https://businessreferralgroup.com.au/website-design-parramatta/,,Website,,Directions,5,-1,,+61 425 740 333,,,,,,
https://www.google.com/maps/place/Baser+Business+Services+Pty+Ltd/data=!4m7!3m6!1s0x6b12a57704215aff:0xbf3c22a7d29c1baf!8m2!3d-33.8300686!4d151.1262303!16s%2Fg%2F11h6nz474b!19sChIJ_1ohBHelEmsRrxuc0qciPL8?authuser=0&hl=en&rclk=1,Baser Business Services Pty Ltd,,Accounting firm,·,,"Unit 17, Level 2/1-7 Jordan St",,,,,,Directions,,,5,-1,,+61 2 9817 8862,,,,,,
https://www.google.com/maps/place/Small+Business+Restructuring+Specialists/data=!4m7!3m6!1s0x6b12af0452503375:0x14023fdaace6d223!8m2!3d-32.205415!4d136.1073692!16s%2Fg%2F11ngt17zmq!19sChIJdTNQUgSvEmsRI9LmrNo_AhQ?authuser=0&hl=en&rclk=1,Small Business Restructuring Specialists,,Insolvency service,·,,,,Closed,· Opens 8 AM Tue,https://www.smallbusinessrestructuring.com.au/,,Website,,Directions,5,-8,,+61 1300 947 465,https://ssl.gstatic.com/local/servicebusiness/default_user.png,"""Tom, Brad and Jericho were a great help and made the process super easy""",,,,
https://www.google.com/maps/place/LEVEL+1+BUSINESS+SOLUTIONS/data=!4m7!3m6!1s0x6b12ae4187c0f5c7:0xe2b3e63eaebada15!8m2!3d-33.8634301!4d151.2079748!16s%2Fg%2F11gfmhnznt!19sChIJx_XAh0GuEmsRFdq6rj7ms-I?authuser=0&hl=en&rclk=1,LEVEL 1 BUSINESS SOLUTIONS,No reviews,Business management consultant,·,,5/6 Bridge St,,,,http://level-1.com.au/,,Website,,Directions,,,,+61 2 8259 8555,,,,,,
https://www.google.com/maps/place/Intelligent+Industry+Collective/data=!4m7!3m6!1s0x289eef103457da43:0x894d139474dac9ba!8m2!3d-32.205415!4d136.1073692!16s%2Fg%2F11td0szx9h!19sChIJQ9pXNBDvnigRusnadJQTTYk?authuser=0&hl=en&rclk=1,Intelligent Industry Collective,,Business management consultant,·,,,,Closed,· Opens 8:30 AM Tue,http://www.intelligentindustry.com.au/,,Website,,Directions,5,-6,,+61 421 582 099,https://ssl.gstatic.com/local/servicebusiness/default_user.png,"""Annalisa is a skilled and creative marketer who delivers results.""",,,,info@intelligentindustry.com.au
https://www.google.com/maps/place/Your+Business+Group/data=!4m7!3m6!1s0x6b12a318e1f00001:0x392714aecebadc8d!8m2!3d-33.814769!4d151.0082317!16s%2Fg%2F11q9mc1wgf!19sChIJAQDw4RijEmsRjdy6zq4UJzk?authuser=0&hl=en&rclk=1,Your Business Group,,Accountant,·,,"S4, G/91 George St",·,Closed,· Opens 9 AM Tue,https://ybg.net.au/,,Website,,Directions,5,-4,,+61 2 8628 0709,https://ssl.gstatic.com/local/servicebusiness/default_user.png,"""Your",,Business,"Group (YBG) has been outstanding to work with.""",
https://www.google.com/maps/place/Baser+Business+Services+Pty+Ltd/data=!4m7!3m6!1s0x6b12a57704215aff:0xbf3c22a7d29c1baf!8m2!3d-33.8300686!4d151.1262303!16s%2Fg%2F11h6nz474b!19sChIJ_1ohBHelEmsRrxuc0qciPL8?authuser=0&hl=en&rclk=1,Baser Business Services Pty Ltd,,Accounting firm,·,,"Unit 17, Level 2/1-7 Jordan St",,,,,,Directions,,,5,-1,,+61 2 9817 8862,,,,,,
https://www.google.com/maps/place/Lava+Virtual/data=!4m7!3m6!1s0xfdf185c53395665:0x19db98a64f8e712f!8m2!3d-32.205415!4d136.1073692!16s%2Fg%2F11vy296l1t!19sChIJZVY5U1wY3w8RL3GOT6aY2xk?authuser=0&hl=en&rclk=1,Lava Virtual,,Business management consultant,·,,,,Closed,· Opens 9 AM Tue,https://www.lavavirtual.com.au/,,Website,,Directions,5,-19,,+61 468 060 043,https://ssl.gstatic.com/local/servicebusiness/default_user.png,"""Excellent service and very reliable!""",,,,hello@lavavirtual.com.au
https://www.google.com/maps/place/Baser+Business+Services+Pty+Ltd/data=!4m7!3m6!1s0x6b12a57704215aff:0xbf3c22a7d29c1baf!8m2!3d-33.8300686!4d151.1262303!16s%2Fg%2F11h6nz474b!19sChIJ_1ohBHelEmsRrxuc0qciPL8?authuser=0&hl=en&rclk=1,Baser Business Services Pty Ltd,,Accounting firm,·,,"Unit 17, Level 2/1-7 Jordan St",,,,,,Directions,,,5,-1,,+61 2 9817 8862,,,,,,
https://www.google.com/maps/place/NSW+Business+Chamber/data=!4m7!3m6!1s0x6b12c7848d220303:0xb3ee809a16c1ff79!8m2!3d-34.03325!4d151.100912!16s%2Fg%2F11b5ytq1b4!19sChIJAwMijYTHEmsRef_BFpqA7rM?authuser=0&hl=en&rclk=1,NSW Business Chamber,No reviews,Business management consultant,·,,·,1b/12 Central Rd,Closed,· Opens 8:30 AM Tue,http://www.nswbusinesschamber.com.au/,,Website,,Directions,,,·,+61 132696,,,,,,
https://www.google.com/maps/place/Afford+To+Retire/data=!4m7!3m6!1s0x20c275a460e91d39:0xaeffe66df359b460!8m2!3d-26.4420924!4d144.0529602!16s%2Fg%2F11k9bqhpmh!19sChIJOR3pYKR1wiARYLRZ823m_64?authuser=0&hl=en&rclk=1,Afford To Retire,,Business management consultant,,,,,Open 24 hours,,http://www.affordtoretire.com.au/,,Website,,Directions,5,-1,,,https://ssl.gstatic.com/local/servicebusiness/default_user.png,"""I completely changed my retirement outlook.""",,,,
https://www.google.com/maps/place/RT+Business+Assist/data=!4m7!3m6!1s0xa7e4737d207925d9:0xa7741bcac44a8a72!8m2!3d-23.3232416!4d148.5507008!16s%2Fg%2F11rsfqdpd4!19sChIJ2SV5IH1z5KcRcopKxMobdKc?authuser=0&hl=en&rclk=1,RT Business Assist,,Business to business service,·,,,,Closed,· Opens 8 AM Tue,http://rtbusinessassist.com.au/,,Website,,Directions,5,-1,,+61 410 726 562,,,,,,
https://www.google.com/maps/place/Nous+Group/data=!4m7!3m6!1s0x6b12ae3ebd7a1e97:0x35df42c14cab2d47!8m2!3d-33.8649025!4d151.2066911!16s%2Fg%2F1v2gdxqf!19sChIJlx56vT6uEmsRRy2rTMFC3zU?authuser=0&hl=en&rclk=1,Nous Group,,Business management consultant,·,,·,Level 34/60 Margaret St,Closed,· Opens 8:30 AM Tue,http://www.nousgroup.com/,,Website,,Directions,4.6,-9,·,+61 2 8281 8000,,,,,,
https://www.google.com/maps/place/Baser+Business+Services+Pty+Ltd/data=!4m7!3m6!1s0x6b12a57704215aff:0xbf3c22a7d29c1baf!8m2!3d-33.8300686!4d151.1262303!16s%2Fg%2F11h6nz474b!19sChIJ_1ohBHelEmsRrxuc0qciPL8?authuser=0&hl=en&rclk=1,Baser Business Services Pty Ltd,,Accounting firm,·,,"Unit 17, Level 2/1-7 Jordan St",,,,,,Directions,,,5,-1,,+61 2 9817 8862,,,,,,
https://www.google.com/maps/place/JPAbusiness/data=!4m7!3m6!1s0x6b12a3053d28e243:0x9c41bb9c26cf8284!8m2!3d-33.8131685!4d151.0062669!16s%2Fg%2F11fk8r3tgl!19sChIJQ-IoPQWjEmsRhILPJpy7QZw?authuser=0&hl=en&rclk=1,JPAbusiness,No reviews,Business management consultant,·,,Lv 7/91 Phillip St,·,Closed,· Opens 9 AM Tue,http://www.jpabusiness.com.au/,,Website,,Directions,,,,+61 2 9893 1803,,,,,,
https://www.google.com/maps/place/Globe+Business+Services/data=!4m7!3m6!1s0x6b12af331f72e8cb:0x29182b688239d6b6!8m2!3d-33.818888!4d151.1650128!16s%2Fg%2F11rvgclzxv!19sChIJy-hyHzOvEmsRttY5gmgrGCk?authuser=0&hl=en&rclk=1,Globe Business Services,No reviews,Business management consultant,·,,37 Tambourine Bay Rd,·,Closed,· Opens 9 AM Tue,http://globebusinessservices.com/,,Website,,Directions,,,,+61 408 026 445,,,,,,
https://www.google.com/maps/place/DNS+IT+and+Business+Consulting/data=!4m7!3m6!1s0x6b1653d1eecd56a9:0xb560f1de5826ab5!8m2!3d-33.9261967!4d150.9197687!16s%2Fg%2F11sgr30jc_!19sChIJqVbN7tFTFmsRtWqC5R0PVgs?authuser=0&hl=en&rclk=1,DNS IT and Business Consulting,,Business management consultant,·,,Unit 502/100 Castlereagh St,·,Closed,· Opens 7 AM Tue,http://www.dnsservices.com.au/,,Website,,Directions,5,-1,,+61 481 570 252,,On-site services,·,Online appointments,,contact@dnsservices.com.au
https://www.google.com/maps/place/Professional+Services+BD/data=!4m7!3m6!1s0x6b12af00509a7dd1:0xe220052b54fac32d!8m2!3d-33.862531!4d151.2064867!16s%2Fg%2F11h5vm4d20!19sChIJ0X2aUACvEmsRLcP6VCsFIOI?authuser=0&hl=en&rclk=1,Professional Services BD,,Business development service,·,,129 Harrington St,,,,http://www.professionalservicesbd.com.au/,,Website,,Directions,4.9,-31,,+61 474 137 039,https://ssl.gstatic.com/local/servicebusiness/default_user.png,"""And when Alistair wraps up, we always receive excellent feedback.""",,,,
https://www.google.com/maps/place/Frankly+Organised/data=!4m7!3m6!1s0x6b12f0f81b0518ff:0x10c0fda6fc2e45da!8m2!3d9.3741102!4d-157.0928455!16s%2Fg%2F11c5z9lmcw!19sChIJ_xgFG_jwEmsR2kUu_Kb9wBA?authuser=0&hl=en&rclk=1,Frankly Organised,,Business management consultant,·,,,,Open,· Closes 11 PM,https://www.franklyorganised.com.au/,,Website,,Directions,5,-25,,+61 483 912 123,https://ssl.gstatic.com/local/servicebusiness/default_user.png,"""With the help of Mel & Nick we have modernised our",,business,"logo.""",
https://www.google.com/maps/place/cbs+Corporate+Business+Solutions+Australia/data=!4m7!3m6!1s0x6b12afb96c24142b:0x8e1f948e404723c7!8m2!3d-33.8666763!4d151.2083773!16s%2Fg%2F11w36shb62!19sChIJKxQkbLmvEmsRxyNHQI6UH44?authuser=0&hl=en&rclk=1,cbs Corporate Business Solutions Australia,No reviews,Corporate office,·,,·,123 Pitt St,Closed,· Opens 9 AM Tue,https://www.cbs-consulting.com/apac/,,Website,,Directions,,,·,+61 2 8211 0688,,,,,,
https://www.google.com/maps/place/NSW+Business+Chamber/data=!4m7!3m6!1s0x6b12c7848d220303:0xb3ee809a16c1ff79!8m2!3d-34.03325!4d151.100912!16s%2Fg%2F11b5ytq1b4!19sChIJAwMijYTHEmsRef_BFpqA7rM?authuser=0&hl=en&rclk=1,NSW Business Chamber,No reviews,Business management consultant,·,,·,1b/12 Central Rd,Closed,· Opens 8:30 AM Tue,http://www.nswbusinesschamber.com.au/,,Website,,Directions,,,·,+61 132696,,,,,,
https://www.google.com/maps/place/S+%26+F+BUSINESS+CONSULTING+FIRM+AUSTRALIA+PTY+LTD/data=!4m7!3m6!1s0x6b12bd9f919d92e7:0xf1f828d616a51bf3!8m2!3d-33.8613613!4d151.011319!16s%2Fg%2F11txnxzvh3!19sChIJ55KdkZ-9EmsR8xulFtYo-PE?authuser=0&hl=en&rclk=1,S & F BUSINESS CONSULTING FIRM AUSTRALIA PTY LTD,No reviews,Business management consultant,·,,5 Steel St,·,Closed,· Opens 9 AM Tue,https://www.sfconsultingbd.com/,,Website,,Directions,,,,+61 431 442 759,,,,,,
https://www.google.com/maps/place/Global+Business+Channel/data=!4m7!3m6!1s0x6b12a5d842b0ee19:0xd5c52ae613612e55!8m2!3d-33.8304893!4d151.0875744!16s%2Fg%2F11p_8g4bwq!19sChIJGe6wQtilEmsRVS5hE-YqxdU?authuser=0&hl=en&rclk=1,Global Business Channel,,Investment service,·,,·,15/15-17 Blaxland Rd,Closed,· Opens 9 AM Tue,http://www.gbcwide.com/,,Website,,Directions,5,-3,·,+61 421 000 321,,,,,,
https://www.google.com/maps/place/Baser+Business+Services+Pty+Ltd/data=!4m7!3m6!1s0x6b12a57704215aff:0xbf3c22a7d29c1baf!8m2!3d-33.8300686!4d151.1262303!16s%2Fg%2F11h6nz474b!19sChIJ_1ohBHelEmsRrxuc0qciPL8?authuser=0&hl=en&rclk=1,Baser Business Services Pty Ltd,,Accounting firm,·,,"Unit 17, Level 2/1-7 Jordan St",,,,,,Directions,,,5,-1,,+61 2 9817 8862,,,,,,
https://www.google.com/maps/place/Business+Orange:+Formerly+Orange+Business+Chamber/data=!4m7!3m6!1s0x6b102cd3ba81f071:0x27a16be924998848!8m2!3d-33.2869884!4d149.1016324!16s%2Fg%2F11bycrrnjc!19sChIJcfCButMsEGsRSIiZJOlroSc?authuser=0&hl=en&rclk=1,Business Orange: Formerly Orange Business Chamber,,Non-profit organization,·,,·,Hive,Closed,· Opens 9 AM Tue,https://www.businessorange.com.au/,,Website,,Directions,5,-2,·,+61 423 212 377,,,,,,info@businessorange.com.au
https://www.google.com/maps/place/VMG+Capital/data=!4m7!3m6!1s0x6b12ae6a758592af:0x609aa443652d0f9!8m2!3d-32.205415!4d136.1073692!16s%2Fg%2F11bvvzg9zs!19sChIJr5KFdWquEmsR-dBSNkSqCQY?authuser=0&hl=en&rclk=1,VMG Capital,,Business management consultant,·,,,,Closed,· Opens 9 AM Tue,http://vmgcapital.com.au/,,Website,,Directions,4.4,-8,,+61 410 645 933,,,,,,sharyn@vmgcapital.com.au
https://www.google.com/maps/place/Leon+Business+Solutions+Pty+Ltd/data=!4m7!3m6!1s0x6b12b9a94fb8f431:0x9ecfcc77b9a551fd!8m2!3d-33.9779261!4d151.0989359!16s%2Fg%2F11g0gdttw9!19sChIJMfS4T6m5EmsR_VGluXfMz54?authuser=0&hl=en&rclk=1,Leon Business Solutions Pty Ltd,No reviews,Business management consultant,·,,47/59-69 Halstead St,,,,http://leonbusinesssolutions.com.au/,,Website,,Directions,,,,+61 2 9579 3906,,,,,,
https://www.google.com/maps/place/Carnell.Business/data=!4m7!3m6!1s0x84aeedfb11d1c1e3:0x23fb5efa01dca9ec!8m2!3d-32.8311501!4d150.0523618!16s%2Fg%2F11sr7lxlm5!19sChIJ48HREfvtroQR7KncAfpe-yM?authuser=0&hl=en&rclk=1,Carnell.Business,,Business management consultant,·,,,,Closed,· Opens 9 AM Tue,https://www.carnell.business/,,Website,,Directions,5,-1,,+61 425 380 285,,,,,,
https://www.google.com/maps/place/BNI+All+About+Business/data=!4m7!3m6!1s0x6b12ae6c7ca55a3d:0x44aba535b6ea2e5b!8m2!3d-33.8725618!4d151.2090476!16s%2Fg%2F11byyrg5zc!19sChIJPVqlfGyuEmsRWy7qtjWlq0Q?authuser=0&hl=en&rclk=1,BNI All About Business,,Business to business service,·,,169 Castlereagh St,·,Closed,· Opens 6:15 AM Thu,https://bnisydney.com.au/chapters/all-about-business/,,Website,,Directions,5,-1,,+61 402 830 563,,,,,,support@bnisc.com.au
https://www.google.com/maps/place/Albury+Business+and+Event+Centre/data=!4m7!3m6!1s0x6b215ffe0ef84743:0x691425a98680bfb0!8m2!3d-36.0785499!4d146.9170249!16s%2Fg%2F11vym4ywvr!19sChIJQ0f4Dv5fIWsRsL-AhqklFGk?authuser=0&hl=en&rclk=1,Albury Business and Event Centre,No reviews,Business to business service,·,,·,level 1/526 Swift St,,,https://www.businessnsw.com/regions/nsw-regions/murray-riverina,,Website,,Directions,,,,+61 417 832 291,,,,,,ben.pike@businessnsw.com; serena.hardwick@businessnsw.com
https://www.google.com/maps/place/Baser+Business+Services+Pty+Ltd/data=!4m7!3m6!1s0x6b12a57704215aff:0xbf3c22a7d29c1baf!8m2!3d-33.8300686!4d151.1262303!16s%2Fg%2F11h6nz474b!19sChIJ_1ohBHelEmsRrxuc0qciPL8?authuser=0&hl=en&rclk=1,Baser Business Services Pty Ltd,,Accounting firm,·,,"Unit 17, Level 2/1-7 Jordan St",,,,,,Directions,,,5,-1,,+61 2 9817 8862,,,,,,
https://www.google.com/maps/place/Baser+Business+Services+Pty+Ltd/data=!4m7!3m6!1s0x6b12a57704215aff:0xbf3c22a7d29c1baf!8m2!3d-33.8300686!4d151.1262303!16s%2Fg%2F11h6nz474b!19sChIJ_1ohBHelEmsRrxuc0qciPL8?authuser=0&hl=en&rclk=1,Baser Business Services Pty Ltd,,Accounting firm,·,,"Unit 17, Level 2/1-7 Jordan St",,,,,,Directions,,,5,-1,,+61 2 9817 8862,,,,,,
https://www.google.com/maps/place/NSW+Business+Chamber/data=!4m7!3m6!1s0x6b12c7848d220303:0xb3ee809a16c1ff79!8m2!3d-34.03325!4d151.100912!16s%2Fg%2F11b5ytq1b4!19sChIJAwMijYTHEmsRef_BFpqA7rM?authuser=0&hl=en&rclk=1,NSW Business Chamber,No reviews,Business management consultant,·,,·,1b/12 Central Rd,Closed,· Opens 8:30 AM Tue,http://www.nswbusinesschamber.com.au/,,Website,,Directions,,,·,+61 132696,,,,,,
https://www.google.com/maps/place/Business+Systems+Pty+Ltd./data=!4m7!3m6!1s0x6b12ae4b5004c36d:0x25605a48c7e54dac!8m2!3d-33.8587711!4d151.1876228!16s%2Fg%2F1tscp4rq!19sChIJbcMEUEuuEmsRrE3lx0haYCU?authuser=0&hl=en&rclk=1,Business Systems Pty Ltd.,No reviews,Business management consultant,·,,8 Adolphus St,,,,http://www.businesssystems.net.au/,,Website,,Directions,,,,+61 413 009 914,,,,,,
https://www.google.com/maps/place/SSH+Business+Group+Pty+Ltd/data=!4m7!3m6!1s0x6b12a32e37f24f31:0xdf2f08c52b548a27!8m2!3d-33.8315191!4d151.0108238!16s%2Fg%2F11cn93xd1m!19sChIJMU_yNy6jEmsRJ4pUK8UIL98?authuser=0&hl=en&rclk=1,SSH Business Group Pty Ltd,No reviews,Business management consultant,·,,10-12 Bridge St,,,,http://sshbusinessgroup.com.au/,,Website,,Directions,,,,+61 2 8626 5665,,,,,,
https://www.google.com/maps/place/Kelly+Luckman+Online+Business+Management/data=!4m7!3m6!1s0x68bd2e66cb8bddaf:0xeab40189c766a1da!8m2!3d-33.475608!4d151.1726638!16s%2Fg%2F11rppngqvl!19sChIJr92Ly2YuvWgR2qFmx4kBtOo?authuser=0&hl=en&rclk=1,Kelly Luckman Online Business Management,,Business management consultant,·,,,,Closed,· Opens 8 AM Tue,https://kellyluckman.my.canva.site/,,Website,,Directions,5,-4,,+61 421 803 557,https://ssl.gstatic.com/local/servicebusiness/default_user.png,"""... recommend getting in touch if you need to organize your",,business,"!""",
https://www.google.com/maps/place/NSW+Business+Chamber/data=!4m7!3m6!1s0x6b12c7848d220303:0xb3ee809a16c1ff79!8m2!3d-34.03325!4d151.100912!16s%2Fg%2F11b5ytq1b4!19sChIJAwMijYTHEmsRef_BFpqA7rM?authuser=0&hl=en&rclk=1,NSW Business Chamber,No reviews,Business management consultant,·,,·,1b/12 Central Rd,Closed,· Opens 8:30 AM Tue,http://www.nswbusinesschamber.com.au/,,Website,,Directions,,,·,+61 132696,,,,,,
https://www.google.com/maps/place/Morgan+Business+Sales+%7C+Business+Broker+Sydney+%7C+Business+Valuations+Sydney/data=!4m7!3m6!1s0x6b12a30861b5af19:0x2da17b9ae1ee863e!8m2!3d-33.8153895!4d151.009417!16s%2Fg%2F11q27qb585!19sChIJGa-1YQijEmsRPobu4Zp7oS0?authuser=0&hl=en&rclk=1,Morgan Business Sales | Business Broker Sydney | Business Valuations Sydney,,Business broker,·,,19/103 George St,·,Closed,· Opens 9 AM Tue,https://morganbusinesssales.com/business-brokers-sydney/,,Website,,Directions,5,-6,,+61 1300 577 297,https://ssl.gstatic.com/local/servicebusiness/default_user.png,"""An absolute pleasure to work with.""",,,,
https://www.google.com/maps/place/Malabar+Business+Chamber/data=!4m7!3m6!1s0x6b12b3e85ce8ffff:0x2800dbae5ddf82fe!8m2!3d-33.9620485!4d151.2470056!16s%2Fg%2F11vbqsw0q3!19sChIJ___oXOizEmsR_oLfXa7bACg?authuser=0&hl=en&rclk=1,Malabar Business Chamber,No reviews,Business management consultant,·,,1212 Anzac Parade,,,,https://malabarchamber.com.au/contact-us,,Website,,Directions,,,,+61 403 168 820,,,,,,
https://www.google.com/maps/place/Bruce+Josephs+small+business+consulting+Sydney/data=!4m7!3m6!1s0x6b12a55f0e0ec029:0x23747865df98acf1!8m2!3d-33.8482439!4d150.9319747!16s%2Fg%2F11hh681s8v!19sChIJKcAODl-lEmsR8ayY32V4dCM?authuser=0&hl=en&rclk=1,Bruce Josephs small business consulting Sydney,No reviews,Business management consultant,·,,,,Closed,· Opens 9 AM Tue,https://www.the-josephs.com/,,Website,,Directions,,,,+61 412 016 568,,Online appointments,,,,
https://www.google.com/maps/place/Engineering+Business+Pty+Ltd/data=!4m7!3m6!1s0x6b0d561c33669ff1:0xa4ff713f597fc754!8m2!3d-32.205415!4d136.1073692!16s%2Fg%2F11gd614vkk!19sChIJ8Z9mMxxWDWsRVMd_WT9x_6Q?authuser=0&hl=en&rclk=1,Engineering Business Pty Ltd,No reviews,Business management consultant,·,,,,Closed,· Opens 8 AM Tue,http://www.engineeringbusiness.com.au/,,Website,,Directions,,,,+61 414 335 406,,,,,,info@engineeringbusiness.com.au; info@engineeringcommunity.com.au
https://www.google.com/maps/place/Mystery+Management/data=!4m7!3m6!1s0x6b12b867e749b873:0x1da18dbdc887d973!8m2!3d-32.205415!4d136.1073692!16s%2Fg%2F11fmf3wmv_!19sChIJc7hJ52e4EmsRc9mHyL2NoR0?authuser=0&hl=en&rclk=1,Mystery Management,,Business management consultant,·,,,,Closed,· Opens 9 AM Tue,https://www.mysterymanagement.com.au/,,Website,,Directions,5,-24,,+61 2 9522 6965,https://ssl.gstatic.com/local/servicebusiness/default_user.png,"""Great team to work with - professional and friendly.""",,,,louise@mysterymanagement.com.au
https://www.google.com/maps/place/BNI+Business+Class/data=!4m7!3m6!1s0x6b12ab05f4beabd1:0xabfce81bb1c02dc3!8m2!3d-33.7791739!4d151.2921393!16s%2Fg%2F11h6cwsb3q!19sChIJ0au-9AWrEmsRwy3AsRvo_Ks?authuser=0&hl=en&rclk=1,BNI Business Class,,Business networking company,·,,"Diggers, 88 Evans St",·,Closed,· Opens 6:30 AM Wed,https://bnisne.com.au/nsw---sydney-north-east-bni-business-class/en-AU/index,,Website,,Directions,5,-8,,+61 400 166 249,https://ssl.gstatic.com/local/servicebusiness/default_user.png,"""We are each other’s marketing team!""",,,,
https://www.google.com/maps/place/Real+Business+Group/data=!4m7!3m6!1s0x6b12aef6c09ed717:0x8e048e2fb612bdef!8m2!3d-33.8382841!4d151.2086505!16s%2Fg%2F11f1mmn28h!19sChIJF9eewPauEmsR770Sti-OBI4?authuser=0&hl=en&rclk=1,Real Business Group,,Business management consultant,·,,100 Walker St,·,Closed,· Opens 9 AM Tue,https://www.realbusinessgroup.com.au/,,Website,,Directions,3.7,-9,,+61 1300 887 136,https://ssl.gstatic.com/local/servicebusiness/default_user.png,"""She opened my mind and I can see my",,business,"is transforming.""",jane@realbusinessgroup.com.au
https://www.google.com/maps/place/Abdera+Business+Services/data=!4m7!3m6!1s0x6b12af9befe69a7b:0x4c6efb1bd0ffba67!8m2!3d-33.8621024!4d151.2116102!16s%2Fg%2F11nn28nll8!19sChIJe5rm75uvEmsRZ7r_0Bv7bkw?authuser=0&hl=en&rclk=1,Abdera Business Services,No reviews,Business management consultant,·,,·,Level 11/66 Clarence St,Closed,· Opens 9 AM Tue,https://www.abdera.com.au/,,Website,,Directions,,,·,+61 2 8916 6259,,,,,,
https://www.google.com/maps/place/Lead+Your+Industry+Pty+Ltd/data=!4m7!3m6!1s0x6b12a1eecd82cf17:0x537d7330d31b2f43!8m2!3d-32.205415!4d136.1073692!16s%2Fg%2F11bt_hmb5r!19sChIJF8-Cze6hEmsRQy8b0zBzfVM?authuser=0&hl=en&rclk=1,Lead Your Industry Pty Ltd,,Business management consultant,·,,,,Closed,· Opens 8:30 AM Tue,http://leadyourindustry.com/,,Website,,Directions,5,-1,,+61 417 065 951,,Online appointments,,,,support@leadyourindustry.com
