place_id,business_name,rating,reviews,category,W4Efsd (2),doJOZc,address,W4Efsd (4),W4Efsd (5),W4Efsd (6),W4Efsd (7),whatsapp_number,website,Cw1rxd,R8c4Qb,Cw1rxd (2),R8c4Qb (2),Jn12ke src,ah5Ghc,ah5Ghc (2),ah5Ghc (3),e4rVHe,M4A5Cf
"https://www.google.com/maps/place/SupportSoft+Technologies+-+App+Developer+Sydney,+App+Development+Agency+Sydney/data=!4m7!3m6!1s0x6b12a3c76ca6a683:0x2a4781fe4a94f588!8m2!3d-33.8197821!4d151.0250424!16s%2Fg%2F11qgb_jt95!19sChIJg6ambMejEmsRiPWUSv6BRyo?authuser=0&hl=en&rclk=1","SupportSoft Technologies - App Developer Sydney, App Development Agency Sydney",4.8,(54),Software company,Â·,î¤´,Â·,"Suite 2D, Level 2/1C Grand Ave",Closes soon,Â· 6â€¯PM Â· Opens 9â€¯AM Wed,Â·,+61 1300 921 064,https://supportsoft.com.au/,î ‹,Website,î”®,Directions,https://ssl.gstatic.com/local/servicebusiness/default_user.png,"""We could not recommend them enough for",software,"development and design.""",,
"https://www.google.com/maps/place/DxMinds+Technologies+-+Mobile+App+Development+Company+in+Kiama,+New+South+Wales,+Australia/data=!4m7!3m6!1s0x6b136d2f66ad10dd:0x19ea463f8288a8ca!8m2!3d-34.644524!4d150.851918!16s%2Fg%2F11fmd9p8vs!19sChIJ3RCtZi9tE2sRyqiIgj9G6hk?authuser=0&hl=en&rclk=1","DxMinds Technologies - Mobile App Development Company in Kiama, New South Wales, Australia",,,Software company,Â·,,5A The Cct,Â·,Open,Â· Closes 7â€¯PM,,+61 434 360 006,https://dxminds.com/top-mobile-app-development-company-in-australia/,î ‹,Website,î”®,Directions,,,,,No reviews,
https://www.google.com/maps/place/Software+House/data=!4m7!3m6!1s0x6b1299af0cc15d81:0x35d059d3bf356782!8m2!3d-33.7727476!4d150.9077911!16s%2Fg%2F11vy_x8h1f!19sChIJgV3BDK-ZEmsRgmc1v9NZ0DU?authuser=0&hl=en&rclk=1,Software House,5.0,(11),Software company,Â·,,81 Flushcombe Rd,Â·,Closed,Â· Opens 9â€¯AM Wed,,+61 2 8005 0618,https://softwarehouse.au/,î ‹,Website,î”®,Directions,https://ssl.gstatic.com/local/servicebusiness/default_user.png,"""Highly recommended for anyone looking for reliable",software,"development!""",,
https://www.google.com/maps/place/Intuition+SofTech+Australia/data=!4m7!3m6!1s0x6b12ae3b8f818cf1:0x9aaa7b45af72607c!8m2!3d-33.8651342!4d151.2021367!16s%2Fg%2F11c45374d9!19sChIJ8YyBjzuuEmsRfGByr0V7qpo?authuser=0&hl=en&rclk=1,Intuition SofTech Australia,4.9,(34),Software company,Â·,,"Level 17, International Tower 3/300 Barangaroo Ave",Â·,Closes soon,Â· 6â€¯PM Â· Opens 9â€¯AM Wed,,+61 2 9159 3911,https://www.intuitionsoftech.com.au/,î ‹,Website,î”®,Directions,https://ssl.gstatic.com/local/servicebusiness/default_user.png,"""Been using their service for 2 years now.""",,,,
https://www.google.com/maps/place/Software+Co/data=!4m7!3m6!1s0x6b12afc91aaa3131:0xc07aea7a856250b4!8m2!3d-33.8651342!4d151.2021367!16s%2Fg%2F11hzt9g5v0!19sChIJMTGqGsmvEmsRtFBihXrqesA?authuser=0&hl=en&rclk=1,Software Co,5.0,(4),Software company,Â·,,300 Barangaroo Ave,Â·,Open,Â· Closes 8â€¯PM,,+61 1300 585 888,https://www.softwareco.com/,î ‹,Website,î”®,Directions,,On-site services,,,,
https://www.google.com/maps/place/Streamtime+Software/data=!4m7!3m6!1s0x6b12ae49ba05d36d:0xa389f4a56d4d6161!8m2!3d-32.205415!4d136.1073692!16s%2Fg%2F11b7gnw16s!19sChIJbdMFukmuEmsRYWFNbaX0iaM?authuser=0&hl=en&rclk=1,Streamtime Software,5.0,(28),Software company,,,,,Closed,Â· Opens 8:30â€¯AM Wed,,,https://streamtime.net/cliff-notes,î ‹,Website,î”®,Directions,,,,,,
https://www.google.com/maps/place/SoftwareSeni/data=!4m7!3m6!1s0x6b12affb9fc63f77:0x69b605508506ddea!8m2!3d-33.8723422!4d151.1946724!16s%2Fg%2F11jdvcgsv_!19sChIJdz_Gn_uvEmsR6t0GhVAFtmk?authuser=0&hl=en&rclk=1,SoftwareSeni,5.0,(25),Software company,Â·,,55 Pyrmont Bridge Rd,Â·,Closed,Â· Opens 9â€¯AM Wed,,+61 2 8123 0997,https://www.softwareseni.com/,î ‹,Website,î”®,Directions,https://ssl.gstatic.com/local/servicebusiness/default_user.png,"""They have the knowledge and skillset to deliver impactful work.""",,,,
https://www.google.com/maps/place/IT+Alliance+Australia/data=!4m7!3m6!1s0x6b12ae40092c3efb:0x1757f92319b3f3c4!8m2!3d-33.8684865!4d151.2093042!16s%2Fg%2F11hbkqwwcc!19sChIJ-z4sCUCuEmsRxPOzGSP5Vxc?authuser=0&hl=en&rclk=1,IT Alliance Australia,4.9,(16),Software company,Â·,î¤´,Â·,57/19 Martin Pl,,,,+61 433 029 389,https://www.italliance.com.au/,î ‹,Website,î”®,Directions,,,,,,
https://www.google.com/maps/place/Appello+Software+%26+App+Development/data=!4m7!3m6!1s0x6b12afcffce6a0bf:0xe90c247c10de3db1!8m2!3d-33.8668138!4d151.2068747!16s%2Fg%2F11j13t97x0!19sChIJv6Dm_M-vEmsRsT3eEHwkDOk?authuser=0&hl=en&rclk=1,Appello Software & App Development,5.0,(18),Software company,Â·,î¤´,Â·,333 George St,Open,Â· Closes 8â€¯PM,Â·,+61 2 7202 5164,https://appello.com.au/,î ‹,Website,î”®,Directions,https://ssl.gstatic.com/local/servicebusiness/default_user.png,"""They kept us updated throughout the project and delivered on time.""",,,,
https://www.google.com/maps/place/Maus+Software/data=!4m7!3m6!1s0x6b12aa46867f4737:0xc605cf965796b649!8m2!3d14.1576412!4d-96.0622118!16s%2Fg%2F11bbr9j1zy!19sChIJN0d_hkaqEmsRSbaWV5bPBcY?authuser=0&hl=en&rclk=1,Maus Software,5.0,(23),Software company,,,,,,,,+61 2 9907 1669,http://www.maus.com/,î ‹,Website,î”®,Directions,,,,,,
https://www.google.com/maps/place/SSW+Sydney+-+Enterprise+Software+Development/data=!4m7!3m6!1s0x6b12ae97d5dce3c1:0xae8cb5f05af0e28d!8m2!3d-33.8306723!4d151.2191442!16s%2Fg%2F1tdy4mhr!19sChIJwePc1ZeuEmsRjeLwWvC1jK4?authuser=0&hl=en&rclk=1,SSW Sydney - Enterprise Software Development,4.6,(24),Software company,Â·,,"Level 1, 81/91 Military Rd",Â·,Closes soon,Â· 6â€¯PM Â· Opens 9â€¯AM Wed,,+61 2 9953 3000,https://www.ssw.com.au/,î ‹,Website,î”®,Directions,https://ssl.gstatic.com/local/servicebusiness/default_user.png,"""These guys set the benchmark for an IT/database consulting company.""",,,,
https://www.google.com/maps/place/Pulse+Software/data=!4m7!3m6!1s0x6b12a60721d03ba1:0x43b418984b28adca!8m2!3d-33.7885625!4d151.132309!16s%2Fg%2F11b7q2bn9h!19sChIJoTvQIQemEmsRyq0oS5gYtEM?authuser=0&hl=en&rclk=1,Pulse Software,4.7,(6),Software company,Â·,î¤´,Â·,"Suite 2.01, Level 2/12 Waterloo Rd",Closes soon,Â· 6â€¯PM Â· Opens 8:30â€¯AM Wed,Â·,+61 1300 363 325,http://www.pulsesoftware.com/,î ‹,Website,î”®,Directions,,,,,,
https://www.google.com/maps/place/ToXSL+Technologies+Australia+-+Mobile+App+Development+And+Web+Development+Company/data=!4m7!3m6!1s0x6b12afe3b939c28b:0x9a7bfbf951ad6f4d!8m2!3d-33.8866607!4d151.2080249!16s%2Fg%2F11txpx1rx_!19sChIJi8I5ueOvEmsRTW-tUfn7e5o?authuser=0&hl=en&rclk=1,ToXSL Technologies Australia - Mobile App Development And Web Development Company,4.6,(36),Software company,Â·,î¤´,Â·,Level 1/457/459 Elizabeth St,Open 24 hours,,Â·,+61 8 7744 7788,https://toxsl.com/,î ‹,Website,î”®,Directions,https://ssl.gstatic.com/local/servicebusiness/default_user.png,"""ToXSL Technologies are excellent mobile app and web service technology""",,,,
https://www.google.com/maps/place/SoftLabs/data=!4m7!3m6!1s0x6b12a31855a69181:0x9df007a92fe287a9!8m2!3d-33.879258!4d151.1961126!16s%2Fg%2F11dz5mj4sn!19sChIJgZGmVRijEmsRqYfiL6kH8J0?authuser=0&hl=en&rclk=1,SoftLabs,4.6,(16),Software company,Â·,î¤´,Â·,20/330 Wattle St,Closed,Â· Opens 9:30â€¯AM Wed,Â·,+61 1300 207 208,http://www.softlabs.com.au/,î ‹,Website,î”®,Directions,,,,,,
https://www.google.com/maps/place/Noorix+-+Custom+Software+and+App+Developers/data=!4m7!3m6!1s0x6b12af36aba823e1:0x5c2454f8010f6edc!8m2!3d-33.865294!4d151.2053033!16s%2Fg%2F11fpl8m85z!19sChIJ4SOoqzavEmsR3G4PAfhUJFw?authuser=0&hl=en&rclk=1,Noorix - Custom Software and App Developers,5.0,(15),Software company,Â·,,level 2/11 York St,,Closed,Â· Opens 9â€¯AM Wed,,,https://www.noorix.com.au/,î ‹,Website,î”®,Directions,https://ssl.gstatic.com/local/servicebusiness/default_user.png,"""Extremely efficient and focused on getting the task done!""",,,,
https://www.google.com/maps/place/Octane+Software+Solutions/data=!4m7!3m6!1s0x6b12aec2d24242a7:0x32e83c9973ca1994!8m2!3d-33.8658494!4d151.2023214!16s%2Fg%2F11csb3ch0f!19sChIJp0JC0sKuEmsRlBnKc5k86DI?authuser=0&hl=en&rclk=1,Octane Software Solutions,4.8,(17),Software company,Â·,î¤´,Â·,Level 2/11 York St,Closed,Â· Opens 9â€¯AM Wed,Â·,+61 2 9002 0455,https://www.octanesolutions.com.au/,î ‹,Website,î”®,Directions,https://ssl.gstatic.com/local/servicebusiness/default_user.png,"""They offer great and high quality implementation and training services.""",,,,
https://www.google.com/maps/place/4mation+Technologies/data=!4m7!3m6!1s0x6b12ae1f57dda141:0x8962cf97d1fb4c93!8m2!3d-33.8654144!4d151.2100165!16s%2Fg%2F1td0t0q9!19sChIJQaHdVx-uEmsRk0z70ZfPYok?authuser=0&hl=en&rclk=1,4mation Technologies,4.1,(33),Software company,Â·,î¤´,Â·,"17.02, Level 17/25 Bligh St",Closed,Â· Opens 9â€¯AM Wed,Â·,+61 2 9213 1300,https://www.4mation.com.au/,î ‹,Website,î”®,Directions,https://ssl.gstatic.com/local/servicebusiness/default_user.png,"""I spent a bit of time speaking with Sandra about my project.""",,,,
https://www.google.com/maps/place/Horizon+Software+Solutions/data=!4m7!3m6!1s0x6b12bb40e1586da1:0x113f873efe6dc891!8m2!3d-32.205415!4d136.1073692!16s%2Fg%2F11lrdm4qqr!19sChIJoW1Y4UC7EmsRkcht_j6HPxE?authuser=0&hl=en&rclk=1,Horizon Software Solutions,5.0,(2),Software company,Â·,,,,Closes soon,Â· 6â€¯PM Â· Opens 9â€¯AM Wed,,+61 410 633 105,http://horizonsoftwaresolutions.com.au/,î ‹,Website,î”®,Directions,,,,,,
https://www.google.com/maps/place/Sentia+Australia+Pty+Ltd/data=!4m7!3m6!1s0x6b12ae4055552e7d:0xd73fdc78ba8ff894!8m2!3d-33.8693315!4d151.205878!16s%2Fg%2F1pp2x7npk!19sChIJfS5VVUCuEmsRlPiPunjcP9c?authuser=0&hl=en&rclk=1,Sentia Australia Pty Ltd,5.0,(10),Software company,Â·,î¤´,Â·,"Suite 601, Level 6/83 York St",Closed,Â· Opens 8:30â€¯AM Wed,Â·,+61 2 8003 5216,https://www.sentia.com.au/,î ‹,Website,î”®,Directions,https://ssl.gstatic.com/local/servicebusiness/default_user.png,"""Fantastic business, highly knowledgeable and get to work with.""",,,,
https://www.google.com/maps/place/Microknot+-+Custom+Software+Development+Company+in+Sydney+%7C+Mobile+App+Developers/data=!4m7!3m6!1s0x6b129fbdf9814417:0xc20790bb6113c1cf!8m2!3d-33.8666899!4d151.208393!16s%2Fg%2F11sq13p056!19sChIJF0SB-b2fEmsRz8ETYbuQB8I?authuser=0&hl=en&rclk=1,Microknot - Custom Software Development Company in Sydney | Mobile App Developers,5.0,(5),Software company,Â·,î¤´,Â·,"Level 17, Angel Place, 123 Pitt St",Closed,Â· Opens 9â€¯AM Wed,Â·,+61 2 8974 1407,https://www.microknot.com.au/,î ‹,Website,î”®,Directions,https://ssl.gstatic.com/local/servicebusiness/default_user.png,"""All thanks to their team's creative abilities under Priya's guidance.""",,,,
https://www.google.com/maps/place/CentriWeb/data=!4m7!3m6!1s0x6b731791f8144f63:0x2ae1f1ab2c7575c5!8m2!3d9.3741102!4d-106.6918595!16s%2Fg%2F11vzqh51xd!19sChIJY08U-JEXc2sRxXV1LKvx4So?authuser=0&hl=en&rclk=1,CentriWeb,5.0,(10),Software company,Â·,,,,Open 24 hours,,,+61 483 957 775,https://centriweb.com/,î ‹,Website,î”®,Directions,https://ssl.gstatic.com/local/servicebusiness/default_user.png,"""CentriWeb brought amazing results in our customer focused business.""",,,,
https://www.google.com/maps/place/Software+AG+Australia/data=!4m7!3m6!1s0x6b12aef69993a7df:0xf9038a4c1fa33b74!8m2!3d-33.8649819!4d151.2066564!16s%2Fg%2F1hm3pzt1m!19sChIJ36eTmfauEmsRdDujH0yKA_k?authuser=0&hl=en&rclk=1,Software AG Australia,3.7,(3),Software company,Â·,î¤´,Â·,Level 11/10 Carrington St,Closed,Â· Opens 8:30â€¯AM Wed,Â·,+61 2 9071 5600,http://www.softwareag.com/au/,î ‹,Website,î”®,Directions,https://ssl.gstatic.com/local/servicebusiness/default_user.png,"""Great people""",,,,
https://www.google.com/maps/place/SoftwareOne+Australia/data=!4m7!3m6!1s0x6b12ae46ba11df17:0x71a39a045d540f41!8m2!3d-33.8371064!4d151.2079364!16s%2Fg%2F11bccgslvr!19sChIJF98RukauEmsRQQ9UXQSao3E?authuser=0&hl=en&rclk=1,SoftwareOne Australia,4.7,(7),Software company,Â·,î¤´,Â·,16/65 Berry St,Closed,Â· Opens 9â€¯AM Wed,Â·,+61 3 8799 2453,https://www.softwareone.com/en-au/,î ‹,Website,î”®,Directions,https://ssl.gstatic.com/local/servicebusiness/default_user.png,"""Her exceptional dedication and effectiveness have been truly outstanding.""",,,,
https://www.google.com/maps/place/Virtua+Technologies/data=!4m7!3m6!1s0x6b12af662701afe3:0x1d7ad71fe24a1e3a!8m2!3d-33.8659457!4d151.20519!16s%2Fg%2F11hdgfff_4!19sChIJ468BJ2avEmsROh5K4h_Xeh0?authuser=0&hl=en&rclk=1,Virtua Technologies,5.0,(3),Software company,Â·,,Office 903/50 Clarence St,Â·,Open,Â· Closes 7â€¯PM,,+61 451 309 844,http://www.virtuatechnologies.com.au/,î ‹,Website,î”®,Directions,,,,,,
https://www.google.com/maps/place/Royal+Software+Pty+Ltd/data=!4m7!3m6!1s0x4baa4bed8272f57b:0x97cfbec61129468f!8m2!3d-33.9233545!4d151.044164!16s%2Fg%2F11v165nyvs!19sChIJe_Vygu1LqksRj0YpEca-z5c?authuser=0&hl=en&rclk=1,Royal Software Pty Ltd,5.0,(2),Software company,Closed,,Â· Opens 9â€¯AM Wed,Â·,,,,+61 422 898 120,,î”®,Directions,,,https://ssl.gstatic.com/local/servicebusiness/default_user.png,"""He made what could have been a complex and challenging task seem effortless.""",,,,
https://www.google.com/maps/place/SA+Software/data=!4m7!3m6!1s0x6b12afd8f407a6f3:0xb828583ee6117fad!8m2!3d-33.8785076!4d151.2076154!16s%2Fg%2F11kpybmqtj!19sChIJ86YH9NivEmsRrX8R5j5YKLg?authuser=0&hl=en&rclk=1,SA Software,5.0,(1),Computer support and services,Â·,,Suite 272A/398 Pitt St,Â·,Open,Â· Closes 7â€¯PM,,+61 478 733 944,https://sasoftware.com.au/,î ‹,Website,î”®,Directions,https://ssl.gstatic.com/local/servicebusiness/default_user.png,"""Strongly recommended.""",,,,
"https://www.google.com/maps/place/Saigon+Technology+-+AI-Driven+Software+Development+Company+in+Sydney,+Australia/data=!4m7!3m6!1s0x6b12afb34696d6c5:0xc17ae8ec403217f7!8m2!3d-33.8770944!4d151.2064244!16s%2Fg%2F11y36ctl_x!19sChIJxdaWRrOvEmsR9xcyQOzoesE?authuser=0&hl=en&rclk=1","Saigon Technology - AI-Driven Software Development Company in Sydney, Australia",5.0,(2),Software company,Â·,î¤´,Â·,680 George St,Closed,Â· Opens 9â€¯AM Wed,Â·,+61 2 8527 2436,https://saigontechnology.com/au/?utm_source=google_business&utm_medium=organic&utm_campaign=aus,î ‹,Website,î”®,Directions,https://ssl.gstatic.com/local/servicebusiness/default_user.png,"""Their services is top notch.""",,,,
https://www.google.com/maps/place/Inspired+Software/data=!4m7!3m6!1s0x6b1285e9d454fd43:0x8afb2e3128340d2a!8m2!3d-33.7354077!4d150.6896849!16s%2Fg%2F11bysjr9wp!19sChIJQ_1U1OmFEmsRKg00KDEu-4o?authuser=0&hl=en&rclk=1,Inspired Software,5.0,(2),Software company,Â·,ï•Š,Â·,Shop 2/47 Cassola Pl,Closed,Â· Opens 9â€¯AM Wed,Â·,+61 1300 723 313,http://www.inspiredsoftware.com.au/,î ‹,Website,î”®,Directions,,,,,,
https://www.google.com/maps/place/Felix+Short+Term+Rental+Automation+Software/data=!4m7!3m6!1s0x6b12ad494441ed0f:0x5158fa55c9b10bb!8m2!3d-32.205415!4d148.57561!16s%2Fg%2F11rb3__6gw!19sChIJD-1BREmtEmsRuxCbXKWPFQU?authuser=0&hl=en&rclk=1,Felix Short Term Rental Automation Software,5.0,(1),Software company,Â·,,,,Closed,Â· Opens 9â€¯AM Wed,,+61 2 9055 7524,http://www.getfelix.com.au/,î ‹,Website,î”®,Directions,,Online appointments,,,,
https://www.google.com/maps/place/Tritusa/data=!4m7!3m6!1s0x6b12ae4754e89db5:0x9b34d7ac6d87bb6b!8m2!3d-33.8637401!4d151.2021845!16s%2Fg%2F11bwdczy_m!19sChIJtZ3oVEeuEmsRa7uHbazXNJs?authuser=0&hl=en&rclk=1,Tritusa,4.9,(22),Software company,Â·,î¤´,Â·,"Tower One, Level 35/100 Barangaroo Ave",Closed,Â· Opens 9â€¯AM Wed,Â·,+61 2 7233 1533,https://tritusa.com.au/,î ‹,Website,î”®,Directions,https://ssl.gstatic.com/local/servicebusiness/default_user.png,"""Would highly recommend to anyone who look for their better career growth.""",,,,
https://www.google.com/maps/place/Owitechs+PTY+LTD/data=!4m7!3m6!1s0xab4574e3b5681fd1:0xe4bfd7df501ea32c!8m2!3d-32.205415!4d136.1073692!16s%2Fg%2F11pz8c7n40!19sChIJ0R9oteN0RasRLKMeUN_Xv-Q?authuser=0&hl=en&rclk=1,Owitechs PTY LTD,5.0,(39),Software company,Â·,,,,Open,Â· Closes 5:30â€¯PM,,+61 422 390 335,https://owitechs.com/,î ‹,Website,î”®,Directions,https://ssl.gstatic.com/local/servicebusiness/default_user.png,"""Experts in web development and end to end solutions.""",,,,
https://www.google.com/maps/place/Software+Site/data=!4m7!3m6!1s0x44a0b1a31e663527:0xbf5959cc17ca855c!8m2!3d-32.205415!4d148.57561!16s%2Fg%2F11swzk36rs!19sChIJJzVmHqOxoEQRXIXKF8xZWb8?authuser=0&hl=en&rclk=1,Software Site,5.0,(3),Computer software store,,,,,,,,+61 425 811 308,http://www.softwaresite.com.au/,î ‹,Website,î”®,Directions,https://ssl.gstatic.com/local/servicebusiness/default_user.png,"""Will be dealing with",Software,"Site again in the future.""",,
https://www.google.com/maps/place/Phocas+Software/data=!4m7!3m6!1s0x6b12b1c5d2c522b5:0x25b923e1abdbeb4b!8m2!3d-33.8677371!4d151.2016935!16s%2Fg%2F1q69xgpzs!19sChIJtSLF0sWxEmsRS-vbq-EjuSU?authuser=0&hl=en&rclk=1,Phocas Software,5.0,(2),Software company,Â·,î¤´,Â·,501/35 Lime St,Closed,Â· Opens 8â€¯AM Wed,Â·,+61 1300 746 227,http://www.phocassoftware.com/,î ‹,Website,î”®,Directions,,,,,,
https://www.google.com/maps/place/Orana+Software/data=!4m7!3m6!1s0x6b12a1921a77e19d:0x25960e742b12ddb6!8m2!3d9.3741102!4d-157.0928455!16s%2Fg%2F11q884mqt7!19sChIJneF3GpKhEmsRtt0SK3QOliU?authuser=0&hl=en&rclk=1,Orana Software,5.0,(1),Software company,Â·,,,,Closed,Â· Opens 9â€¯AM Wed,,+61 1300 759 268,https://oranasoftware.com/,î ‹,Website,î”®,Directions,,Online appointments,,,,
https://www.google.com/maps/place/Pentana+Solutions+-+New+South+Wales/data=!4m7!3m6!1s0x6b12a3219c9ac4db:0x5e341c3fa786107c!8m2!3d-33.8189878!4d151.0056642!16s%2Fg%2F11b6m10xqg!19sChIJ28SanCGjEmsRfBCGpz8cNF4?authuser=0&hl=en&rclk=1,Pentana Solutions - New South Wales,1.0,(2),Software company,Â·,,Level 2/16-18 Wentworth St,,,,,+61 3 9535 2222,http://www.pentanasolutions.com/,î ‹,Website,î”®,Directions,,,,,,
https://www.google.com/maps/place/Ready+Software/data=!4m7!3m6!1s0x6b12a4e955a261d7:0xcdd174872caf9698!8m2!3d-32.205415!4d136.1073692!16s%2Fg%2F11bxgnx3zp!19sChIJ12GiVemkEmsRmJavLId00c0?authuser=0&hl=en&rclk=1,Ready Software,4.2,(5),Software company,Â·,,,,Closed,Â· Opens 8:30â€¯AM Wed,,+61 1300 709 809,http://www.readysoftware.com.au/,î ‹,Website,î”®,Directions,,,,,,
https://www.google.com/maps/place/Software+Combined+Group/data=!4m7!3m6!1s0x6b12afa56bd91809:0x2385e7363e82b367!8m2!3d-33.8668623!4d151.209658!16s%2Fg%2F11k6lpd80z!19sChIJCRjZa6WvEmsRZ7OCPjbnhSM?authuser=0&hl=en&rclk=1,Software Combined Group,5.0,(1),Software company,Â·,î¤´,Â·,Level 8/15 Castlereagh St,Closed,Â· Opens 9â€¯AM Wed,,,https://softwarecombined.com/,î ‹,Website,î”®,Directions,https://ssl.gstatic.com/local/servicebusiness/default_user.png,"""Great office, Great people""",,,,
https://www.google.com/maps/place/MeMate+-+Business+Management+Software/data=!4m7!3m6!1s0x6b12af31f279ef99:0x506ef878fb7a7561!8m2!3d-33.8791104!4d151.1966685!16s%2Fg%2F11pv608cpx!19sChIJme958jGvEmsRYXV6-3j4blA?authuser=0&hl=en&rclk=1,MeMate - Business Management Software,4.5,(13),Software company,Â·,,Unit 9 89/97 Jones St,Â·,Closed,Â· Opens 9â€¯AM Wed,,+61 2 8080 2100,http://memate.com.au/,î ‹,Website,î”®,Directions,https://ssl.gstatic.com/local/servicebusiness/default_user.png,"""MeMate is the great platform to automate the business processes!""",,,,
https://www.google.com/maps/place/Sri+Enterprise+Software/data=!4m7!3m6!1s0x6b12a31bbab8b35f:0x49b452a9c3c109ec!8m2!3d-33.810534!4d151.008509!16s%2Fg%2F11bwkd_86f!19sChIJX7O4uhujEmsR7AnBw6lStEk?authuser=0&hl=en&rclk=1,Sri Enterprise Software,5.0,(1),Software company,Â·,,25/17 Elizabeth St,Â·,Closed,Â· Opens 8â€¯AM Wed,,+61 480 496 636,https://www.sri.com.au/,î ‹,Website,î”®,Directions,,,,,,
https://www.google.com/maps/place/Centaur+Software+Development/data=!4m7!3m6!1s0x6b12ae21b2354b77:0x68f907620eadbc52!8m2!3d-33.885961!4d151.208396!16s%2Fg%2F1tdn47d5!19sChIJd0s1siGuEmsRUrytDmIH-Wg?authuser=0&hl=en&rclk=1,Centaur Software Development,4.7,(14),Software company,Â·,î¤´,Â·,507/410 Elizabeth St,Closed,Â· Opens 8â€¯AM Wed,Â·,+61 2 9213 5000,https://www.centaursoftware.com.au/?utm_source=google-local&utm_medium=organic,î ‹,Website,î”®,Directions,https://ssl.gstatic.com/local/servicebusiness/default_user.png,"""Centaur",Software,"has transformed the way we manage our dental operations.""",,
https://www.google.com/maps/place/Jade+Software+Corporation/data=!4m7!3m6!1s0x6b12ae6a23048e3d:0xff1a94a625179b02!8m2!3d-33.868225!4d151.2092631!16s%2Fg%2F11btsvfs3n!19sChIJPY4EI2quEmsRApsXJaaUGv8?authuser=0&hl=en&rclk=1,Jade Software Corporation,5.0,(1),Software company,Â·,î¤´,Â·,"Suite 33.06, Level 33/25 Martin Pl",Closed,Â· Opens 8:30â€¯AM Wed,,,https://www.jadeworld.com/,î ‹,Website,î”®,Directions,,,,,,
https://www.google.com/maps/place/Serendipity+Software+Pty+Ltd/data=!4m7!3m6!1s0x6b12ae1bfdd5e943:0x6ba5da43b4a508df!8m2!3d-33.8703405!4d151.1958134!16s%2Fg%2F1ptx5fzpw!19sChIJQ-nV_RuuEmsR3wiltEPapWs?authuser=0&hl=en&rclk=1,Serendipity Software Pty Ltd,5.0,(1),Software company,Â·,,Level 2/69-71 Edward St,Â·,Closed,Â· Opens 10â€¯AM Wed,,+61 2 8060 1411,http://www.serendipity-software.com.au/,î ‹,Website,î”®,Directions,,,,,,
https://www.google.com/maps/place/DASH+Software+%28ROAR+Software%29/data=!4m7!3m6!1s0x6b12ae3e96aede77:0x8d4b92c98da02601!8m2!3d-33.8712305!4d151.2046325!16s%2Fg%2F12hrwh3t1!19sChIJd96ulj6uEmsRASagjcmSS40?authuser=0&hl=en&rclk=1,DASH Software (ROAR Software),4.9,(8),Software company,Â·,î¤´,Â·,Level 10/1 Market St,Closes soon,Â· 6â€¯PM Â· Opens 9â€¯AM Wed,Â·,+61 1300 726 008,https://dash.com.au/financial-adviser/financial-planning-software,î ‹,Website,î”®,Directions,,,,,,
https://www.google.com/maps/place/MRI+Software+LLC/data=!4m7!3m6!1s0x6b12aedda91e2915:0xe7e39a603c20c8a4!8m2!3d-33.86675!4d151.2070605!16s%2Fg%2F1tdj4c94!19sChIJFSkeqd2uEmsRpMggPGCa4-c?authuser=0&hl=en&rclk=1,MRI Software LLC,3.7,(38),Software company,Â·,î¤´,Â·,Level 3/333 George St,Closed,Â· Opens 8:30â€¯AM Wed,Â·,+61 1300 657 700,https://www.mrisoftware.com/au/,î ‹,Website,î”®,Directions,https://ssl.gstatic.com/local/servicebusiness/default_user.png,"""It provides enough to get buy but you do have to compromise expectations.""",,,,
https://www.google.com/maps/place/Stamina+Software/data=!4m7!3m6!1s0x6b733e4fa9371a77:0xc9a8a033da5bc9f0!8m2!3d-32.9250149!4d151.6228753!16s%2Fg%2F1v2f0pd9!19sChIJdxo3qU8-c2sR8Mlb2jOgqMk?authuser=0&hl=en&rclk=1,Stamina Software,5.0,(1),Software company,Â·,,Suite 3/17 Arnott St,Â·,Closed,Â· Opens 9â€¯AM Wed,,+61 2 4953 8050,http://www.stamina.com.au/,î ‹,Website,î”®,Directions,,,,,,
https://www.google.com/maps/place/Orana+Software+Pty+Ltd/data=!4m7!3m6!1s0x6b12a1eec5e42fd1:0xc2891a60ce93ef74!8m2!3d-33.7315604!4d150.9696141!16s%2Fg%2F11y3d6sd6j!19sChIJ0S_kxe6hEmsRdO-TzmAaicI?authuser=0&hl=en&rclk=1,Orana Software Pty Ltd,5.0,(1),Software company,Â·,,Level 5/2 Columbia Ct,,,,,+61 8775056726,http://oranastay.com/,î ‹,Website,î”®,Directions,https://ssl.gstatic.com/local/servicebusiness/default_user.png,"""Amazing company!""",,,,
https://www.google.com/maps/place/APS+Software/data=!4m7!3m6!1s0x6b12aef212eaaaab:0xe6f78c3b9d7e7825!8m2!3d-32.205415!4d148.57561!16s%2Fg%2F11j41b9pkv!19sChIJq6rqEvKuEmsRJXh-nTuM9-Y?authuser=0&hl=en&rclk=1,APS Software,4.4,(7),Software company,,,,,,,,+61 2 9965 1300,https://www.aps-software.com/?utm_medium=google&utm_source=organic&utm_campaign=google%20my%20business,î ‹,Website,î”®,Directions,https://ssl.gstatic.com/local/servicebusiness/default_user.png,"""Great to deal with someone so well knowledegable in their field.""",,,,
https://www.google.com/maps/place/Software+Integrators/data=!4m7!3m6!1s0x6b12ae1796d75859:0x88bc6fee51ee6528!8m2!3d-33.878729!4d151.2122731!16s%2Fg%2F1tghpr4w!19sChIJWVjXlheuEmsRKGXuUe5vvIg?authuser=0&hl=en&rclk=1,Software Integrators,5.0,(1),Software company,Â·,,level 10/162 Goulburn St,Â·,Closed,Â· Opens 9â€¯AM Wed,,+61 2 9267 5556,http://www.softint.com.au/,î ‹,Website,î”®,Directions,,,,,,
https://www.google.com/maps/place/Software+%26+Data/data=!4m7!3m6!1s0x6b12ae8d40c7d0ab:0xb1911584b17799dc!8m2!3d-33.8398031!4d151.2115633!16s%2Fg%2F11cn94w89p!19sChIJq9DHQI2uEmsR3Jl3sYQVkbE?authuser=0&hl=en&rclk=1,Software & Data,5.0,(1),Software company,Â·,,275 Alfred Street,Â·,Closes soon,Â· 6â€¯PM Â· Opens 9â€¯AM Wed,,+61 1300 308 897,https://softwareanddata.com/,î ‹,Website,î”®,Directions,,,,,,
https://www.google.com/maps/place/CoSource/data=!4m7!3m6!1s0x6b12ae6a1e6e8c99:0x84679a030a001d04!8m2!3d-33.8645478!4d151.2112915!16s%2Fg%2F11cnq4hdmx!19sChIJmYxuHmquEmsRBB0ACgOaZ4Q?authuser=0&hl=en&rclk=1,CoSource,5.0,(2),Software company,Â·,,"Governor Phillip Tower 23 Floor, 1D/1 Farrer Pl",Â·,Open,Â· Closes 7â€¯PM,,+61 1300 736 002,https://www.cosource.com.au/,î ‹,Website,î”®,Directions,,,,,,
https://www.google.com/maps/place/PALO+IT+Australia/data=!4m7!3m6!1s0x6b12ae418c3aaaab:0x2dffb6847f3bc57b!8m2!3d-33.862144!4d151.208169!16s%2Fg%2F11f_j3k45r!19sChIJq6o6jEGuEmsRe8U7f4S2_y0?authuser=0&hl=en&rclk=1,PALO IT Australia,5.0,(4),Software company,Â·,î¤´,Â·,l1/180 George St,Closed,Â· Opens 9â€¯AM Wed,Â·,+61 447 350 560,http://palo-it.com/en-au,î ‹,Website,î”®,Directions,,,,,,
https://www.google.com/maps/place/Thoughtworks+Australia+Pty.+Ltd./data=!4m7!3m6!1s0x6b12ae4219ce8727:0xb29d5797addd6b4c!8m2!3d-33.8663076!4d151.2065912!16s%2Fg%2F12hy86552!19sChIJJ4fOGUKuEmsRTGvdrZdXnbI?authuser=0&hl=en&rclk=1,Thoughtworks Australia Pty. Ltd.,4.4,(25),Software company,Â·,î¤´,Â·,level 10/50 Carrington St,Closed,Â· Opens 9â€¯AM Wed,Â·,+61 2 9224 1700,https://www.thoughtworks.com/en-au,î ‹,Website,î”®,Directions,https://ssl.gstatic.com/local/servicebusiness/default_user.png,"""Spacious and nice atmosphere.""",,,,
https://www.google.com/maps/place/Snow+Software+Pty+Ltd/data=!4m7!3m6!1s0x6b12ae421e9ce301:0xfebd3892311b8950!8m2!3d-33.8684043!4d151.2081357!16s%2Fg%2F11f3mb2h66!19sChIJAeOcHkKuEmsRUIkbMZI4vf4?authuser=0&hl=en&rclk=1,Snow Software Pty Ltd,4.5,(2),Software company,Â·,î¤´,Â·,Level 16/175 Pitt St,,,,+61 2 9251 9975,https://www.snowsoftware.com/,î ‹,Website,î”®,Directions,,,,,,
https://www.google.com/maps/place/Worldteam+Technology+Services/data=!4m7!3m6!1s0x6b12a31f0eeaaaab:0x70b2b24ce7eab03b!8m2!3d-33.886653!4d151.208888!16s%2Fg%2F11cs6f08dl!19sChIJq6rqDh-jEmsRO7Dq50yysnA?authuser=0&hl=en&rclk=1,Worldteam Technology Services,5.0,(18),Software company,Â·,î¤´,Â·,Level 3/116 Devonshire St,Closed,Â· Opens 8:30â€¯AM Wed,Â·,+61 2 7227 5721,https://worldteam.com/?utm_source=google&utm_medium=profile,î ‹,Website,î”®,Directions,,,,,,
https://www.google.com/maps/place/Intellisoftware/data=!4m7!3m6!1s0x6b129fbfd7d7b51b:0x75a063fe8522df3!8m2!3d-33.7319189!4d150.9461207!16s%2Fg%2F11y30_8wvw!19sChIJG7XX17-fEmsR8y1S6D8GWgc?authuser=0&hl=en&rclk=1,Intellisoftware,5.0,(2),Software company,Â·,,5 Celebration Dr,Â·,Open 24 hours,,,+61 2 8859 5008,https://www.intellisoftware.au/,î ‹,Website,î”®,Directions,,,,,,
https://www.google.com/maps/place/CYGEN+-+Managed+IT+Services+%7C+Software+Development+%7C+POS+Provider+in+Sydney/data=!4m7!3m6!1s0x6b12a3319119a7c5:0x60f29bbd21fde461!8m2!3d-33.8133768!4d151.0090556!16s%2Fg%2F11k5cqbwkp!19sChIJxacZkTGjEmsRYeT9Ib2b8mA?authuser=0&hl=en&rclk=1,CYGEN - Managed IT Services | Software Development | POS Provider in Sydney,4.8,(6),Software company,Â·,,Level 3/90 Phillip St,Â·,Closed,Â· Opens 9â€¯AM Wed,,+61 1300 029 436,https://www.cygenpos.com/,î ‹,Website,î”®,Directions,https://ssl.gstatic.com/local/servicebusiness/default_user.png,"""Exceptionally good POS",software,".""",,
https://www.google.com/maps/place/Fountain+Software+and+IT+Services+Pty+Ltd/data=!4m7!3m6!1s0x6b12a38a1362ca55:0x983dcde34bebe7a8!8m2!3d-33.8060907!4d150.977065!16s%2Fg%2F11y30btxzw!19sChIJVcpiE4qjEmsRqOfrS-PNPZg?authuser=0&hl=en&rclk=1,Fountain Software and IT Services Pty Ltd,5.0,(2),Software company,Â·,,Unit 3/3 Reid Ave,Â·,Closed,Â· Opens 9â€¯AM Wed,,+61 420 724 101,https://fountainitservice.com/,î ‹,Website,î”®,Directions,https://ssl.gstatic.com/local/servicebusiness/default_user.png,"""Top class services from experienced and knowledgeable professionals.""",,,,
https://www.google.com/maps/place/WT+Software+Solutions/data=!4m7!3m6!1s0x28ee6fbe41c4331:0xa344c9532464616d!8m2!3d-32.7153521!4d134.5009592!16s%2Fg%2F11vq2pzd0k!19sChIJMUMc5PvmjgIRbWFkJFPJRKM?authuser=0&hl=en&rclk=1,WT Software Solutions,5.0,(2),Software company,Â·,,,,Closes soon,Â· 6â€¯PM Â· Opens 8â€¯AM Wed,,+61 8 6288 3737,https://www.wackytechnologies.com/,î ‹,Website,î”®,Directions,https://ssl.gstatic.com/local/servicebusiness/default_user.png,"""Working with Wacky Technologies has been an excellent experience!""",,,,
https://www.google.com/maps/place/SSW+Newcastle+-+Enterprise+Software+Development/data=!4m7!3m6!1s0x6b7315de0dcd2bd1:0xdb2e94b069d3a4a3!8m2!3d-32.9268586!4d151.7715969!16s%2Fg%2F11h9p5wddl!19sChIJ0SvNDd4Vc2sRo6TTabCULts?authuser=0&hl=en&rclk=1,SSW Newcastle - Enterprise Software Development,5.0,(3),Software company,Â·,,432 Hunter St,Â·,Closes soon,Â· 6â€¯PM Â· Opens 9â€¯AM Wed,,+61 2 9953 3000,https://civichub.com.au/,î ‹,Website,î”®,Directions,,,,,,
https://www.google.com/maps/place/Cyberone+Systems/data=!4m7!3m6!1s0x80005fea07261b93:0x5888713000a9d46a!8m2!3d-33.832002!4d150.9319747!16s%2Fg%2F11pz2xp5n7!19sChIJkxsmB-pfAIARatSpADBxiFg?authuser=0&hl=en&rclk=1,Cyberone Systems,5.0,(4),Software company,Â·,,,,Closes soon,Â· 6â€¯PM Â· Opens 8â€¯AM Wed,,+61 2 8203 3736,http://cyberonesystems.com.au/,î ‹,Website,î”®,Directions,https://ssl.gstatic.com/local/servicebusiness/default_user.png,"""This proactive mindset has saved us time, money, and countless headaches.""",,,,
https://www.google.com/maps/place/Amadeus+IT+Pacific/data=!4m7!3m6!1s0x6b12ae226b6f0ad9:0x274854c953f25300!8m2!3d-33.8815233!4d151.2022289!16s%2Fg%2F1tfcyz8n!19sChIJ2QpvayKuEmsRAFPyU8lUSCc?authuser=0&hl=en&rclk=1,Amadeus IT Pacific,4.5,(23),Software company,Â·,î¤´,Â·,7/180 Thomas St,Closed,Â· Opens 8:30â€¯AM Wed,Â·,+61 2 9903 3933,https://amadeus.com/,î ‹,Website,î”®,Directions,https://ssl.gstatic.com/local/servicebusiness/default_user.png,"""Excellent helpful staff powering the best IT in the Travel industry""",,,,
https://www.google.com/maps/place/OrderMate+-+Sydney/data=!4m7!3m6!1s0x6b12ae181277a38b:0x65fe1d1a1544d86c!8m2!3d-32.205415!4d136.1073692!16s%2Fg%2F11bw20s3q1!19sChIJi6N3EhiuEmsRbNhEFRod_mU?authuser=0&hl=en&rclk=1,OrderMate - Sydney,4.2,(11),Software company,Â·,,,,Closed,Â· Opens 9â€¯AM Wed,,+61 1300 667 067,http://www.ordermate.com.au/pos-sydney,î ‹,Website,î”®,Directions,https://ssl.gstatic.com/local/servicebusiness/default_user.png,"""Pretty convenient to use.""",,,,
https://www.google.com/maps/place/AusNep+IT+Solutions/data=!4m7!3m6!1s0x6b12ae40bc6ac81d:0x1eb117ba41727378!8m2!3d-33.8815211!4d151.2042795!16s%2Fg%2F11cjpx46zx!19sChIJHchqvECuEmsReHNyQboXsR4?authuser=0&hl=en&rclk=1,AusNep IT Solutions,4.2,(5),Software company,Â·,,103/755 George St,Â·,Closes soon,Â· 6â€¯PM Â· Opens 10â€¯AM Wed,,+61 1300 287 637,http://www.ausnepit.com.au/,î ‹,Website,î”®,Directions,,On-site services,Online appointments,,,Â·
https://www.google.com/maps/place/iFour+Technolab+Australia+%7C+Custom+Software+Development+Company/data=!4m7!3m6!1s0x6b75cfa066f7d283:0xdbbd97575ff21c63!8m2!3d-31.9622009!4d152.5824101!16s%2Fg%2F11tr_3_10r!19sChIJg9L3ZqDPdWsRYxzyX1eXvds?authuser=0&hl=en&rclk=1,iFour Technolab Australia | Custom Software Development Company,5.0,(1),Software company,Â·,,15 Banyula Dr,Â·,Closes soon,Â· 6â€¯PM Â· Opens 10â€¯AM Wed,,+61 489 931 698,https://www.ifourtechnolab.com.au/,î ‹,Website,î”®,Directions,https://ssl.gstatic.com/local/servicebusiness/default_user.png,"""Great service .""",,,,
https://www.google.com/maps/place/Coral+Software+Development/data=!4m7!3m6!1s0x6b12af5121c96c45:0x55ef02b6844fd21!8m2!3d-33.8665884!4d151.2016513!16s%2Fg%2F11xkg3391d!19sChIJRWzJIVGvEmsRIf1EaCvwXgU?authuser=0&hl=en&rclk=1,Coral Software Development,5.0,(2),Software company,Â·,,Suite 411/15 Lime St,Â·,Closed,Â· Opens 8:30â€¯AM Wed,,+61 1300 744 536,https://coralsoftware.au/,î ‹,Website,î”®,Directions,https://ssl.gstatic.com/local/servicebusiness/default_user.png,"""Jack was incredibly, helpful, responsive and proactive.""",,,,
https://www.google.com/maps/place/Bizapps+InfoTech/data=!4m7!3m6!1s0x6a03d97061c4ac7:0x60e1a2287853c630!8m2!3d-33.7283904!4d150.9624895!16s%2Fg%2F11ldv4sl4n!19sChIJx0ocBpc9oAYRMMZTeCii4WA?authuser=0&hl=en&rclk=1,Bizapps InfoTech,5.0,(11),Software company,,,,,Closes soon,Â· 6â€¯PM Â· Opens 9â€¯AM Wed,,,https://bizappsinfotech.au/,î ‹,Website,î”®,Directions,https://ssl.gstatic.com/local/servicebusiness/default_user.png,"""We especially appreciate their timely communication and customized approach.""",,,,
https://www.google.com/maps/place/Jaegersoft/data=!4m7!3m6!1s0x6b73215c440c37af:0x2b5376fb6b4ce921!8m2!3d-32.9619944!4d151.6951303!16s%2Fg%2F11nnn9z3rt!19sChIJrzcMRFwhc2sRIelMa_t2Uys?authuser=0&hl=en&rclk=1,Jaegersoft,5.0,(6),Software company,Â·,,63 Ridley St,Â·,Closed,Â· Opens 8â€¯AM Wed,,+61 457 386 737,http://jaegersoft.com.au/,î ‹,Website,î”®,Directions,https://ssl.gstatic.com/local/servicebusiness/default_user.png,"""The Rapid Spray team have enjoyed working with them.""",,,,
https://www.google.com/maps/place/NULOSOFT+PTY+LTD+%28Australian+Partner+for+Zoho+One+CRM+and+Vtiger+CRM+%29/data=!4m7!3m6!1s0x6b12a1eed1517c1b:0x39c7f4fb9db9eeca!8m2!3d-32.7153521!4d134.5009592!16s%2Fg%2F11gy3jc38b!19sChIJG3xR0e6hEmsRyu65nfv0xzk?authuser=0&hl=en&rclk=1,NULOSOFT PTY LTD (Australian Partner for Zoho One CRM and Vtiger CRM ),5.0,(3),Software company,Â·,,,,Closed,Â· Opens 8â€¯AM Wed,,+61 2 8613 7731,https://www.nulosoft.com.au/,î ‹,Website,î”®,Directions,https://ssl.gstatic.com/local/servicebusiness/default_user.png,"""They are truly excellent at what they do.""",,,,
https://www.google.com/maps/place/Tableau+Software+Australia/data=!4m7!3m6!1s0x6b12ae4040057745:0x2ed9acf1f9646568!8m2!3d-33.8679991!4d151.2048068!16s%2Fg%2F11hbgdpk2g!19sChIJRXcFQECuEmsRaGVk-fGs2S4?authuser=0&hl=en&rclk=1,Tableau Software Australia,4.5,(2),Corporate office,Â·,î¤´,Â·,LEVEL 7/155 Clarence St,,,,+61 1800 016 521,https://www.tableau.com/,î ‹,Website,î”®,Directions,,,,,,
https://www.google.com/maps/place/Web+Spark+%E2%80%93+Best+Software+House+in+NSW/data=!4m7!3m6!1s0x8aa236376e6323a5:0x3f3bb05622164dfc!8m2!3d-32.205415!4d136.1073692!16s%2Fg%2F11ylbwp2w8!19sChIJpSNjbjc2oooR_E0WIlawOz8?authuser=0&hl=en&rclk=1,Web Spark â€“ Best Software House in NSW,,,Software company,Â·,,,,Closed,Â· Opens 8â€¯AM Wed,,+61 456 208 345,https://webspark.com.au/,î ‹,Website,î”®,Directions,,,,,No reviews,
https://www.google.com/maps/place/HunterWebs+-+Software+%26+Web+Design+%2B+Marketing/data=!4m7!3m6!1s0x6b736998bac5e9b5:0x795572161efc1f78!8m2!3d-32.8766277!4d151.7691018!16s%2Fg%2F1pt_9frc3!19sChIJtenFuphpc2sReB_8HhZyVXk?authuser=0&hl=en&rclk=1,HunterWebs - Software & Web Design + Marketing,5.0,(10),Software company,Â·,,,,Closed,Â· Opens 9â€¯AM Wed,,+61 2 4013 4897,https://www.hunterwebs.com.au/,î ‹,Website,î”®,Directions,https://ssl.gstatic.com/local/servicebusiness/default_user.png,"""His recommended enhancements lifted it to another level again""",,,,
https://www.google.com/maps/place/Sydney+Software+Development/data=!4m7!3m6!1s0x6b12af8d171e8f8b:0x7f216164d5df3c2b!8m2!3d-33.8803016!4d151.2099309!16s%2Fg%2F11ld0rpcjx!19sChIJi48eF42vEmsRKzzf1WRhIX8?authuser=0&hl=en&rclk=1,Sydney Software Development,,,Software company,Â·,î¤´,Â·,81-83 Campbell St,Closed,Â· Opens 8â€¯AM Wed,Â·,+61 1300 878 770,https://www.sydney.software/,î ‹,Website,î”®,Directions,,On-site services,Online appointments,,No reviews,Â·
https://www.google.com/maps/place/Lyra/data=!4m7!3m6!1s0x6b12afd40d8ff9c9:0x18bdfdbec231c70a!8m2!3d-33.8575802!4d151.2037846!16s%2Fg%2F11x6p86nmj!19sChIJyfmPDdSvEmsRCscxwr79vRg?authuser=0&hl=en&rclk=1,Lyra,4.3,(16),Software company,Â·,,7/20 Windmill St,,,,,,https://www.lyratechnologies.com.au/,î ‹,Website,î”®,Directions,https://ssl.gstatic.com/local/servicebusiness/default_user.png,"""Best tech company in the world ðŸ”¥""",,,,
https://www.google.com/maps/place/Conn3cted+%7C+Tech+Agency+%26+Custom+Software+Developers+%7C+Strategic.+Creative.+Technology./data=!4m7!3m6!1s0x6b12ae8acd232971:0xd0214a44029101a4!8m2!3d-33.8387468!4d151.208012!16s%2Fg%2F12m8zjhyp!19sChIJcSkjzYquEmsRpAGRAkRKIdA?authuser=0&hl=en&rclk=1,Conn3cted | Tech Agency & Custom Software Developers | Strategic. Creative. Technology.,5.0,(5),Software company,Â·,,"Level 5, Suite 5.01, 80 Mount St",Â·,Closes soon,Â· 6â€¯PM Â· Opens 8:30â€¯AM Wed,,+61 2 9923 1222,http://www.conn3cted.com/,î ‹,Website,î”®,Directions,,On-site services,Online appointments,,,Â·
https://www.google.com/maps/place/SYSPRO+Software+Pty+Ltd/data=!4m7!3m6!1s0x6b12a5fc54e9708d:0x7eb75f5495f963b2!8m2!3d-33.86392!4d151.2036262!16s%2Fg%2F1th7yhh4!19sChIJjXDpVPylEmsRsmP5lVRft34?authuser=0&hl=en&rclk=1,SYSPRO Software Pty Ltd,2.7,(3),Software company,Â·,î¤´,Â·,Suite 6.01 Level 6/201 Kent St,Closed,Â· Opens 8:30â€¯AM Wed,Â·,+61 2 9870 5555,https://au.syspro.com/,î ‹,Website,î”®,Directions,,,,,,
https://www.google.com/maps/place/Baseplan+Software/data=!4m7!3m6!1s0x6b12a71d760e582b:0x8452da4feca79914!8m2!3d-33.7324899!4d151.0793903!16s%2Fg%2F1tdcrplk!19sChIJK1gOdh2nEmsRFJmn7E_aUoQ?authuser=0&hl=en&rclk=1,Baseplan Software,3.4,(10),Software company,Â·,î¤´,Â·,"Suite 2, Level 1/295 Pennant Hills Rd",Closed,Â· Opens 9â€¯AM Wed,Â·,+61 2 9875 9666,http://www.baseplan.com/,î ‹,Website,î”®,Directions,https://ssl.gstatic.com/local/servicebusiness/default_user.png,"""Great surveyors!""",,,,
https://www.google.com/maps/place/South+Coast+Software/data=!4m7!3m6!1s0x6b137c57cdd68937:0x6d3d09f8aefa8b48!8m2!3d-34.8522632!4d150.7207101!16s%2Fg%2F1tkbycp2!19sChIJN4nWzVd8E2sRSIv6rvgJPW0?authuser=0&hl=en&rclk=1,South Coast Software,,,Software company,Open,,Â· Closes 7â€¯PM,Â·,3 St Andrews Way,Â·,,+61 2 4448 8137,,î”®,Directions,,,,,,,No reviews,
https://www.google.com/maps/place/Sunrise+Technologies+-+AI+Software+Developers+Australia+%7C+AI+Agents+%7C+Mobile+Apps+%7C+Work+Flow+Automation+%7C+Crypto/data=!4m7!3m6!1s0x6b12afadc7d621a7:0xcf048010411d19d0!8m2!3d-33.867846!4d151.209641!16s%2Fg%2F11nfv7r5gp!19sChIJpyHWx62vEmsR0BkdQRCABM8?authuser=0&hl=en&rclk=1,Sunrise Technologies - AI Software Developers Australia | AI Agents | Mobile Apps | Work Flow Automation | Crypto,5.0,(7),Software company,Â·,î¤´,Â·,"MLC Centre, 19/29 Martin Pl",Closed,Â· Opens 8â€¯AM Wed,Â·,+61 431 270 844,https://www.sunrisetechs.com/?utm_source=google&utm_medium=gmb&utm_campaign=GMB_Traffic,î ‹,Website,î”®,Directions,https://ssl.gstatic.com/local/servicebusiness/default_user.png,"""Iâ€™m happy to recommend them to anyone looking to build",software,"products.""",,
https://www.google.com/maps/place/Siimteq+Hub/data=!4m7!3m6!1s0xa9c34a998024ca41:0x9cb9f5976b37d233!8m2!3d-32.205415!4d136.1073692!16s%2Fg%2F11ltzzr3q9!19sChIJQcokgJlKw6kRM9I3a5f1uZw?authuser=0&hl=en&rclk=1,Siimteq Hub,5.0,(4),Software company,Â·,,,,Open 24 hours,,,+61 425 536 165,http://www.siimteqhub.com.au/,î ‹,Website,î”®,Directions,https://ssl.gstatic.com/local/servicebusiness/default_user.png,"""Their support was excellent, always ready to help whenever we had problems.""",,,,
https://www.google.com/maps/place/BMC+Software/data=!4m7!3m6!1s0x6b12a60606eff4e5:0x624623be2f34a88a!8m2!3d-33.8700529!4d151.2042462!16s%2Fg%2F1tdyqyr7!19sChIJ5fTvBgamEmsRiqg0L74jRmI?authuser=0&hl=en&rclk=1,BMC Software,5.0,(1),Software company,Â·,î¤´,Â·,1302/383 Kent St,,,,+61 1800 632 530,http://www.bmcsoftware.com.au/,î ‹,Website,î”®,Directions,,,,,,
https://www.google.com/maps/place/SOFTWARE+SYSTEMS+PTY.+LTD./data=!4m7!3m6!1s0x6b12ae47566db0bf:0xaedbaa17e027852a!8m2!3d-33.8673475!4d151.2039973!16s%2Fg%2F11jdk28wv7!19sChIJv7BtVkeuEmsRKoUn4Beq264?authuser=0&hl=en&rclk=1,SOFTWARE SYSTEMS PTY. LTD.,,,Software company,Â·,,Level 14/309 Kent St,,,,,+61 2 9248 0145,http://softwaresystems.com.au/,î ‹,Website,î”®,Directions,,,,,No reviews,
https://www.google.com/maps/place/Software+Factory+Australia+PTY+LTD/data=!4m7!3m6!1s0x6b12a3c607fa80ab:0x3625033e6155d29c!8m2!3d-24.1501978!4d148.5507008!16s%2Fg%2F11g0tm12gh!19sChIJq4D6B8ajEmsRnNJVYT4DJTY?authuser=0&hl=en&rclk=1,Software Factory Australia PTY LTD,,,Software company,Â·,,,,Closed,Â· Opens 9â€¯AM Wed,,+61 1300 522 552,https://www.softwarefactory.com.au/,î ‹,Website,î”®,Directions,,,,,No reviews,
https://www.google.com/maps/place/Rock+Valley+Software/data=!4m7!3m6!1s0x6b909e19b2bb6f2d:0xcee7f3afc7815bcb!8m2!3d-28.7270088!4d153.1578433!16s%2Fg%2F1hc27xtn2!19sChIJLW-7shmekGsRy1uBx6_z584?authuser=0&hl=en&rclk=1,Rock Valley Software,,,Software company,,,,,,,,+61 2 6688 0111,,î”®,Directions,,,,,,,No reviews,
https://www.google.com/maps/place/ANGLER+Technologies+Australia/data=!4m7!3m6!1s0x6b12a2dee7fb6d8d:0x5ba89f70daa2819b!8m2!3d-33.818377!4d150.996954!16s%2Fg%2F11bwg8__n1!19sChIJjW37596iEmsRm4Gi2nCfqFs?authuser=0&hl=en&rclk=1,ANGLER Technologies Australia,1.0,(1),Software company,Closes soon,î¤´,Â· 6â€¯PM Â· Opens 9â€¯AM Wed,Â·,Â·,14/72 Great Western Hwy,Â·,+61 481 198 081,,î”®,Directions,,,,,,,,
https://www.google.com/maps/place/KMA+Software/data=!4m7!3m6!1s0x6b7336300ad7d433:0x4cc3e4aaadcd49c!8m2!3d-32.8097089!4d151.4554157!16s%2Fg%2F1tg6q8g7!19sChIJM9TXCjA2c2sRnNTcqko-zAQ?authuser=0&hl=en&rclk=1,KMA Software,4.0,(2),Software company,,,,Â·,68 Fourth St,,,+61 2 4937 2800,,î”®,Directions,,,,,,,,
https://www.google.com/maps/place/MSP+Corporation+-+Business+IT+Support+Sydney+%7C+Managed+Service+Provider+%7C+IT+Service+Management+%7C+IT+Solutions/data=!4m7!3m6!1s0x6b12ae3e42e13fa5:0x53cb71b202a2627f!8m2!3d-33.8742267!4d151.2078478!16s%2Fg%2F1jkwcx1g2!19sChIJpT_hQj6uEmsRf2KiArJxy1M?authuser=0&hl=en&rclk=1,MSP Corporation - Business IT Support Sydney | Managed Service Provider | IT Service Management | IT Solutions,4.8,(32),Software company,Â·,î¤´,Â·,Level 16/327-329 Pitt St,Open 24 hours,,Â·,+61 1300 554 404,https://www.mspcorp.com.au/?utm_source=GMB&utm_medium=sydney&utm_campaign=location_tracking,î ‹,Website,î”®,Directions,https://ssl.gstatic.com/local/servicebusiness/default_user.png,"""Their support made our transition to the cloud seamless.""",,,,
https://www.google.com/maps/place/Software+Sense/data=!4m7!3m6!1s0x6b12ae6a23b6d9b1:0x9409561864ba8b33!8m2!3d-33.864967!4d151.2077854!16s%2Fg%2F11c6v4t5wd!19sChIJsdm2I2quEmsRM4u6ZBhWCZQ?authuser=0&hl=en&rclk=1,Software Sense,,,Software company,Â·,î¤´,Â·,"Australia Square, Level 33/264 George St",,,,+61 411 513 700,http://softwaresense.com.au/,î ‹,Website,î”®,Directions,,,,,No reviews,
https://www.google.com/maps/place/Nucleus+Software+Exports+Ltd./data=!4m7!3m6!1s0x6b12ae41be5b1c17:0x643fa2729e02b477!8m2!3d-33.8648873!4d151.2085469!16s%2Fg%2F11pwvyhk3t!19sChIJFxxbvkGuEmsRd7QCnnKiP2Q?authuser=0&hl=en&rclk=1,Nucleus Software Exports Ltd.,,,Software company,Â·,,"Plaza, Australia Square, Level 12/95 Pitt St",,,,,+61 2 8249 8350,https://www.nucleussoftware.com/,î ‹,Website,î”®,Directions,,,,,No reviews,
https://www.google.com/maps/place/Tetrias+Tech/data=!4m7!3m6!1s0xc67a45fd325b2a5:0x54dd80deb24c0a22!8m2!3d-26.4420924!4d136.0132792!16s%2Fg%2F11yh1mxrz1!19sChIJpbIl01-kZwwRIgpMst6A3VQ?authuser=0&hl=en&rclk=1,Tetrias Tech,5.0,(4),Software company,,,,,Open,Â· Closes 7â€¯PM,,,https://tetriastech.com.au/,î ‹,Website,î”®,Directions,https://ssl.gstatic.com/local/servicebusiness/default_user.png,"""Highly recommended for your",software,", design and Tech needs""",,
https://www.google.com/maps/place/Voyager+Software+Australia+PTY+Ltd./data=!4m7!3m6!1s0x6b12af9b5e5c81b3:0x48cf77d901bf3281!8m2!3d-33.876297!4d151.208535!16s%2Fg%2F11f5nbb24r!19sChIJs4FcXpuvEmsRgTK_Adl3z0g?authuser=0&hl=en&rclk=1,Voyager Software Australia PTY Ltd.,,,Software company,Â·,,Suite 3 Level 3/245 Castlereagh St,Â·,Closed,Â· Opens 9â€¯AM Wed,,+61 2 8322 8111,https://www.voyagersoftware.com/en-au/,î ‹,Website,î”®,Directions,,,,,No reviews,
"https://www.google.com/maps/place/Sonata+Software+Limited,+Australia+branch/data=!4m7!3m6!1s0x6b12af0044614cf3:0xb108400e34e13566!8m2!3d-33.8384212!4d151.2080003!16s%2Fg%2F11y3mxr5l9!19sChIJ80xhRACvEmsRZjXhNA5ACLE?authuser=0&hl=en&rclk=1","Sonata Software Limited, Australia branch",,,Software company,,,,Â·,1 Denison St,,,,,î”®,Directions,,,,,,,No reviews,
https://www.google.com/maps/place/Stsoftware/data=!4m7!3m6!1s0x6b0d535a9fdeaaab:0xe369afa7e91aee0d!8m2!3d-33.6613345!4d151.315166!16s%2Fg%2F11sy737vfw!19sChIJq6ren1pTDWsRDe4a6aevaeM?authuser=0&hl=en&rclk=1,Stsoftware,,,Software company,Â·,,12 Beaconsfield St,,,,,+61 9172677607,https://www.stsoftware.com.au/,î ‹,Website,î”®,Directions,,,,,No reviews,
https://www.google.com/maps/place/revenu/data=!4m7!3m6!1s0x6ad659f965fe188f:0xbdebaed93a28cdcc!8m2!3d-33.4336594!4d150.0336516!16s%2Fg%2F11kqs71rc8!19sChIJjxj-ZflZ1moRzM0oOtmu670?authuser=0&hl=en&rclk=1,revenu,5.0,(14),Software company,Â·,,,,Closed,Â· Opens 9â€¯AM Wed,,+61 3 4233 8889,https://www.revenu.com.au/,î ‹,Website,î”®,Directions,https://ssl.gstatic.com/local/servicebusiness/default_user.png,"""The results were beyond our expectations.""",,,,
https://www.google.com/maps/place/Saasu/data=!4m7!3m6!1s0x6b12af899d11dfd1:0x8f0b94842593486a!8m2!3d-32.205415!4d136.1073692!16s%2Fg%2F11ghg37znp!19sChIJ0d8RnYmvEmsRakiTJYSUC48?authuser=0&hl=en&rclk=1,Saasu,4.1,(9),Software company,,,,,Closed,Â· Opens 9â€¯AM Wed,,,http://saasu.com/,î ‹,Website,î”®,Directions,,,,,,
https://www.google.com/maps/place/SDL/data=!4m7!3m6!1s0x6b12ae3f59013d25:0xd05f25dbd710869d!8m2!3d-33.867958!4d151.205341!16s%2Fg%2F1ygvsv3ss!19sChIJJT0BWT-uEmsRnYYQ19slX9A?authuser=0&hl=en&rclk=1,SDL,3.0,(1),Software company,Â·,î¤´,Â·,2/1 Barrack St,,,,+61 2 8251 0056,http://www.sdl.com/,î ‹,Website,î”®,Directions,,,,,,
https://www.google.com/maps/place/CORPORATE+SOFTWARE+AUSTRALIA/data=!4m7!3m6!1s0x6b1297c55e228937:0xe7abf2f36ce0c1e6!8m2!3d-33.8510645!4d150.9409511!16s%2Fg%2F11f29zj083!19sChIJN4kiXsWXEmsR5sHgbPPyq-c?authuser=0&hl=en&rclk=1,CORPORATE SOFTWARE AUSTRALIA,3.0,(4),Computer software store,Â·,,1/28 Victoria St,Â·,Closes soon,Â· 6â€¯PM Â· Opens 10â€¯AM Wed,,+61 2 9725 3700,http://www.corpsoft.com.au/,î ‹,Website,î”®,Directions,https://ssl.gstatic.com/local/servicebusiness/default_user.png,"""Get in touch for your IT outsourcing requirements.""",,,,
https://www.google.com/maps/place/2pi+Software/data=!4m7!3m6!1s0x6b3e8275569a66af:0x59d321513975faca!8m2!3d-36.0060001!4d147.9683813!16s%2Fg%2F11b6g8bk85!19sChIJr2aaVnWCPmsRyvp1OVEh01k?authuser=0&hl=en&rclk=1,2pi Software,5.0,(6),Software company,Â·,,,,Closed,Â· Opens 9â€¯AM Wed,,+61 1800 961 919,https://www.2pisoftware.com/,î ‹,Website,î”®,Directions,https://ssl.gstatic.com/local/servicebusiness/default_user.png,"""Very professional and passionate people to work with""",,,,
https://www.google.com/maps/place/Bizcaps+Software/data=!4m7!3m6!1s0x6b12ae46b6c52911:0xa406ddced95e2204!8m2!3d-33.8660299!4d151.205451!16s%2Fg%2F1tfmhzm8!19sChIJESnFtkauEmsRBCJe2c7dBqQ?authuser=0&hl=en&rclk=1,Bizcaps Software,4.0,(4),Software company,Â·,î¤´,Â·,3.02/33 York St,Closes soon,Â· 6â€¯PM Â· Opens 8â€¯AM Wed,Â·,+61 2 9252 7533,http://www.bizcaps.com/,î ‹,Website,î”®,Directions,https://ssl.gstatic.com/local/servicebusiness/default_user.png,"""He is very good for my business.""",,,,
"https://www.google.com/maps/place/Microsoft+Dynamics+365+Solutions+Partner+%28ERP%2FCRM%29,+Sydney+-+DynamicsSmartz/data=!4m7!3m6!1s0x6b12ff21abfc53a7:0xb031186394dee9ff!8m2!3d-34.1696184!4d150.6110786!16s%2Fg%2F11y3kcmj4h!19sChIJp1P8qyH_EmsR_-nelGMYMbA?authuser=0&hl=en&rclk=1","Microsoft Dynamics 365 Solutions Partner (ERP/CRM), Sydney - DynamicsSmartz",,,Software company,Â·,,139 Argyle St,Â·,Closes soon,Â· 6â€¯PM Â· Opens 9â€¯AM Wed,,+61 2 7912 3600,https://www.dynamicssmartz.com/au/,î ‹,Website,î”®,Directions,,On-site services,Online appointments,,No reviews,Â·
https://www.google.com/maps/place/Spectrum+Software+Pty+Ltd/data=!4m7!3m6!1s0x6b12ae8d405039c1:0xdc7609172aa2b79a!8m2!3d-33.864276!4d151.2093464!16s%2Fg%2F1tjdgbsn!19sChIJwTlQQI2uEmsRmreiKhcJdtw?authuser=0&hl=en&rclk=1,Spectrum Software Pty Ltd,,,Software company,Â·,,3 Spring St,Â·,Closed,Â· Opens 8:30â€¯AM Wed,,+61 2 9957 3920,https://spectrum-software.com.au/,î ‹,Website,î”®,Directions,,,,,No reviews,
https://www.google.com/maps/place/Plus+Software+Solutions/data=!4m7!3m6!1s0x6b12a83eeda987af:0xc2943c82f83159f1!8m2!3d0.0686912!4d86.8424469!16s%2Fg%2F11c0rnd85h!19sChIJr4ep7T6oEmsR8Vkx-II8lMI?authuser=0&hl=en&rclk=1,Plus Software Solutions,,,Software company,Â·,,,,Closes soon,Â· 6â€¯PM Â· Opens 9â€¯AM Wed,,+61 1300 677 303,https://www.plussoftsolutions.com/,î ‹,Website,î”®,Directions,,,,,No reviews,
https://www.google.com/maps/place/PegLeg+Software/data=!4m7!3m6!1s0x6b129ff600f327a3:0x5336bde760c5e319!8m2!3d-33.8482439!4d150.9319747!16s%2Fg%2F11lh5nrt9w!19sChIJoyfzAPafEmsRGePFYOe9NlM?authuser=0&hl=en&rclk=1,PegLeg Software,5.0,(5),Software company,,,,,Open 24 hours,,,,https://peglegsoftware.com.au/,î ‹,Website,î”®,Directions,https://ssl.gstatic.com/local/servicebusiness/default_user.png,"""I loved the website he produced for my business.""",,,,
https://www.google.com/maps/place/Technosoft+Australia/data=!4m7!3m6!1s0x6b164d26a883623b:0xee47844956fbd7cb!8m2!3d-35.2761886!4d149.1277665!16s%2Fg%2F11rfbct10y!19sChIJO2KDqCZNFmsRy9f7VkmER-4?authuser=0&hl=en&rclk=1,Technosoft Australia,5.0,(2),Software company,Â·,,level 5/15 Moore St,Â·,Closed,Â· Opens 9:30â€¯AM Wed,,+61 2 6188 5666,https://www.technosoft.com.au/,î ‹,Website,î”®,Directions,,On-site services,Online appointments,,,Â·
https://www.google.com/maps/place/Saw+Software/data=!4m7!3m6!1s0x6b12b91a4a57fc1b:0xd55db457fa3f49b8!8m2!3d-33.9705289!4d151.0778434!16s%2Fg%2F11hbfhq83n!19sChIJG_xXShq5EmsRuEk_-le0XdU?authuser=0&hl=en&rclk=1,Saw Software,,,Software company,,,,Â·,Level 10/20 Martin Pl,,,+61 2 8006 7117,,î”®,Directions,,,,,,,No reviews,
https://www.google.com/maps/place/VINCI+Software/data=!4m7!3m6!1s0x49ee5533b2027ed5:0x23c97d7d60ee7cce!8m2!3d-32.205415!4d136.1073692!16s%2Fg%2F11rp3c5cs3!19sChIJ1X4CsjNV7kkRznzuYH19ySM?authuser=0&hl=en&rclk=1,VINCI Software,,,Software company,,,,,,,,+61 478 178 965,http://www.vincisoftware.com/,î ‹,Website,î”®,Directions,,,,,No reviews,
"https://www.google.com/maps/place/Synarion+IT+Solutions-+App,+Web,+Game+%26+Software+Development+Services+in+Australia/data=!4m7!3m6!1s0x6b12a39d4fcae129:0x2101e53bacd963ee!8m2!3d-33.8093147!4d150.9848043!16s%2Fg%2F11w_d0n569!19sChIJKeHKT52jEmsR7mPZrDvlASE?authuser=0&hl=en&rclk=1","Synarion IT Solutions- App, Web, Game & Software Development Services in Australia",,,Software company,Â·,,20 Grand Ave,,Open 24 hours,,,,https://www.synarionit.com/mobile-app-development-company-in-australia.html,î ‹,Website,î”®,Directions,,,,,No reviews,
https://www.google.com/maps/place/Intuition+SofTech+Australia/data=!4m7!3m6!1s0x6b12f3593fb39941:0x56e863b54f1d8e64!8m2!3d-34.0002564!4d150.7404689!16s%2Fg%2F11khsszjvc!19sChIJQZmzP1nzEmsRZI4dT7Vj6FY?authuser=0&hl=en&rclk=1,Intuition SofTech Australia,,,Software company,Â·,,2/351 Oran Park Dr,,,,,+61 2 9159 3911,https://intuitionsoftech.com.au/,î ‹,Website,î”®,Directions,,,,,No reviews,
https://www.google.com/maps/place/Appello+-+App+Development/data=!4m7!3m6!1s0x6b731583e0dfe29d:0x393a66e3966297be!8m2!3d-32.927262!4d151.782912!16s%2Fg%2F11fd4psb28!19sChIJneLf4IMVc2sRvpdiluNmOjk?authuser=0&hl=en&rclk=1,Appello - App Development,5.0,(6),Software company,Â·,,2/110 Hunter St,Â·,Open,Â· Closes 7â€¯PM,,+61 2 7202 5164,http://www.appello.com.au/,î ‹,Website,î”®,Directions,,On-site services,Online appointments,,,Â·
https://www.google.com/maps/place/Pennant+Software+Pty+Ltd/data=!4m7!3m6!1s0x6b12a3bf30593fe9:0x369f26f3b214e875!8m2!3d-33.7349879!4d150.9572057!16s%2Fg%2F11q2v7ylks!19sChIJ6T9ZML-jEmsRdegUsvMmnzY?authuser=0&hl=en&rclk=1,Pennant Software Pty Ltd,,,Software company,Â·,,29a/5 Inglewood Pl,Â·,Closed,Â· Opens 9â€¯AM Wed,,+61 2 9688 7664,http://www.pennantsw.com/,î ‹,Website,î”®,Directions,,,,,No reviews,
https://www.google.com/maps/place/ROAR+Software/data=!4m7!3m6!1s0x6b12ae44b9306221:0x7ce14b72316c0fb9!8m2!3d-33.8579285!4d151.2031976!16s%2Fg%2F11nz33y8hb!19sChIJIWIwuUSuEmsRuQ9sMXJL4Xw?authuser=0&hl=en&rclk=1,ROAR Software,,,Software company,Â·,,"Suite 17.02a, Level 17/456 Kent St",Â·,Closed,Â· Opens 8:30â€¯AM Wed,,+61 1300 422 682,http://roarsoftware.com.au/,î ‹,Website,î”®,Directions,,,,,No reviews,
https://www.google.com/maps/place/SoftwareONE+Australia/data=!4m7!3m6!1s0x6b12aef2996cf903:0xda2338996e343605!8m2!3d-33.8382841!4d151.2086505!16s%2Fg%2F11bw_48rft!19sChIJA_lsmfKuEmsRBTY0bpk4I9o?authuser=0&hl=en&rclk=1,SoftwareONE Australia,,,Software company,Â·,î¤´,Â·,100 Walker St,,,,,http://www.softwareone.com/,î ‹,Website,î”®,Directions,,,,,No reviews,
https://www.google.com/maps/place/ATOM+Legal+Accounting/data=!4m7!3m6!1s0x6b12b34fa287204f:0xc8ea295db9c777f3!8m2!3d-26.4420924!4d136.0132792!16s%2Fg%2F11p3krgc7g!19sChIJTyCHok-zEmsR83fHuV0p6sg?authuser=0&hl=en&rclk=1,ATOM Legal Accounting,4.8,(26),Software company,Â·,,,,Closed,Â· Opens 9â€¯AM Wed,,+61 1300 765 418,https://www.atom-legal.com.au/,î ‹,Website,î”®,Directions,,,,,,
https://www.google.com/maps/place/Scaleup+Consulting/data=!4m7!3m6!1s0x6b12bbef54b9db7f:0x7a03e7d624a04bf2!8m2!3d-33.8482439!4d150.9319747!16s%2Fg%2F11fk8zlypb!19sChIJf9u5VO-7EmsR8kugJNbnA3o?authuser=0&hl=en&rclk=1,Scaleup Consulting,5.0,(9),Software company,,,,,Open 24 hours,,,,https://www.scaleupconsulting.com.au/,î ‹,Website,î”®,Directions,https://ssl.gstatic.com/local/servicebusiness/default_user.png,"""I'd highly recommend Jayen and will use him again for any similar work.""",,,,
https://www.google.com/maps/place/JobGen.AI/data=!4m7!3m6!1s0x6b12852818ef9041:0x6ce1114c93a66901!8m2!3d14.1576412!4d-71.6028869!16s%2Fg%2F11xz50v9w_!19sChIJQZDvGCiFEmsRAWmmk0wR4Ww?authuser=0&hl=en&rclk=1,JobGen.AI,4.9,(34),Software company,,,,,Open 24 hours,,,,https://jobgen.ai/,î ‹,Website,î”®,Directions,https://ssl.gstatic.com/local/servicebusiness/default_user.png,"""The Chrome extension is amazing for saving and applying to jobs quickly.""",,,,
https://www.google.com/maps/place/NSC+Software+Australia/data=!4m7!3m6!1s0x6b12af3ac0ee4da9:0x7ed5b2d8fbcd7bc6!8m2!3d-33.8642007!4d151.2026783!16s%2Fg%2F11w30_n_0x!19sChIJqU3uwDqvEmsRxnvN-9iy1X4?authuser=0&hl=en&rclk=1,NSC Software Australia,,,Software company,Â·,,"Three International Towers, level 24/300 Barangaroo Ave",Â·,Open 24 hours,,,+61 466 363 446,https://nsc-software.com/,î ‹,Website,î”®,Directions,,,,,No reviews,
https://www.google.com/maps/place/rubric+iq/data=!4m7!3m6!1s0xa386146a7d3fb555:0x4a53a7842df28650!8m2!3d-32.205415!4d136.1073692!16s%2Fg%2F11yp_c7gp_!19sChIJVbU_fWoUhqMRUIbyLYSnU0o?authuser=0&hl=en&rclk=1,rubric iq,5.0,(3),Software company,Â·,,,,Open,Â· Closes 5â€¯PM,,+61 412 008 831,https://www.rubriciq.com.au/?utm_source=google&utm_medium=wix_google_business_profile&utm_campaign=15345580840158119889,î ‹,Website,î”®,Directions,https://ssl.gstatic.com/local/servicebusiness/default_user.png,"""What an awesome experience these guys have provided for teachers.""",,,,
https://www.google.com/maps/place/Software+Combined/data=!4m7!3m6!1s0x6b12ae421adbe1f5:0xbc80fc1c322fb798!8m2!3d-33.971796!4d151.078453!16s%2Fg%2F11q9mbx52b!19sChIJ9eHbGkKuEmsRmLcvMhz8gLw?authuser=0&hl=en&rclk=1,Software Combined,,,Software company,Â·,,27 Macquarie Pl,,,,,+61 403 789 096,https://www.softwarecombined.com/,î ‹,Website,î”®,Directions,,,,,No reviews,
https://www.google.com/maps/place/NJStar+Software+Pty+Ltd/data=!4m6!3m5!1s0x6b12a68320d21499:0x4f4769e3fc9ba6cf!8m1!3d14.1576412!16s%2Fg%2F1tks6gfr!19sChIJmRTSIIOmEmsRz6ab_ONpR08?authuser=0&hl=en&rclk=1,NJStar Software Pty Ltd,3.0,(2),Software company,,,,,,,,+61 2 9869 1088,http://www.njstar.com/,î ‹,Website,î”®,Directions,,,,,,
https://www.google.com/maps/place/Rocket+Software+Pty+Ltd/data=!4m7!3m6!1s0x6b12aef2e3e8bb27:0x911ad0e8f4bccd98!8m2!3d-35.3119209!4d149.1332584!16s%2Fg%2F1q5blgr7_!19sChIJJ7vo4_KuEmsRmM289OjQGpE?authuser=0&hl=en&rclk=1,Rocket Software Pty Ltd,4.0,(2),Software company,Â·,,"The Realm, Level 1/18 National Circuit",Â·,Closes soon,Â· 6â€¯PM Â· Opens 8â€¯AM Wed,,+61 2 9412 5400,http://www.rocketsoftware.com/,î ‹,Website,î”®,Directions,,,,,,
https://www.google.com/maps/place/Argus+Software/data=!4m7!3m6!1s0x6b12ae3ee11af823:0x28fd4e01a1524964!8m2!3d-33.8712847!4d151.2046099!16s%2Fg%2F1tg5v628!19sChIJI_ga4T6uEmsRZElSoQFO_Sg?authuser=0&hl=en&rclk=1,Argus Software,,,Software company,Closed,,Â· Opens 8:30â€¯AM Wed,Â·,level 12/1 Market St,Â·,,+61 2 9262 1332,,î”®,Directions,,,,,,,No reviews,
