place_id,name,address,raw_phone,wa_number,website,rating,user_ratings_total,place_types,price_level,scraped_at
ChIJYQfomz9a4joRc_LHJRMMpsw,Nugegoda Business Centre,"80 Nawala Rd, Nugegoda 10250, Sri Lanka",076 323 7677,94763237677,,4.6,104,"point_of_interest, establishment",,2025-09-28 03:41:21
ChIJWWrj79hb4joRGhiZ4r5Y3e0,eBirth Business Academy ( Nugegoda ),"705 C Wijerama Junction, Nugegoda, Sri Lanka",0114 492 444,,http://www.ebirth.net/,4.9,1221,"point_of_interest, establishment",,2025-09-28 03:41:21
ChIJ9yT7AgBb4joRmgtybC-nEK8,CDCI Business Suites,"8 St. Joshep's Road, Nugegoda 10250, Sri Lanka",070 475 3000,94704753000,http://www.cosmeticdentalcareinternational.com/,5,72,"lodging, point_of_interest, establishment",,2025-09-28 03:41:21
ChIJ04KaofNR4joRnN5-Jw3SOwI,Bizadvisor,"272B, 2/1 High Level Rd, Maharagama 10280, Sri Lanka",077 700 4448,94777004448,https://www.bizadvisor.lk/,5,135,"accounting, finance, point_of_interest, establishment",,2025-09-28 03:41:21
ChIJR5526GJR4joRWf_BbEV1oKo,Cerebrozone (Pvt) Ltd,"172 C Pannipitiya Rd, Ruhunupura 10116, Sri Lanka",070 333 6655,94703336655,https://cerebrozone.com/,5,1,"point_of_interest, establishment",,2025-09-28 03:41:21
ChIJCas-s5Ra4joRORjx9cXxQ10,Business Promoters & Partners Engineering (Pvt) Ltd,"261/3 Lake Rd, Boralesgamuwa, Sri Lanka",0112 517 848,,,4.1,46,"general_contractor, point_of_interest, establishment",,2025-09-28 03:41:21
ChIJ5a7xdwJb4joRQrumWYbp-hQ,Business Academy,"No 50 C 1, 1 Perera Mawatha, Sri Jayawardenepura Kotte 10100, Sri Lanka",077 298 6433,94772986433,https://businessacademy.lk/,5,48,"point_of_interest, establishment",,2025-09-28 03:41:21
ChIJsXPZr71a4joRJbemPWKj4W0,Consolidated Business Systems Ltd,"Metisuddhagara Road, බොරලැස්ගමුව, Sri Lanka",0115 553 922,,http://cbsltd.lk/,4.6,16,"food, point_of_interest, establishment",,2025-09-28 03:41:21
ChIJMwQHcMlb4joRsA37wOpr5ro,Cognito Campus | CIBT - Cognito Institute of Business & Technology,"4th Floor 239, 2 High Level Rd, Nugegoda 00500, Sri Lanka",070 522 8001,94705228001,http://cibt.lk/,5,3,"point_of_interest, establishment",,2025-09-28 03:41:21
ChIJsdfWr3hQ4joRsit23OoV2VA,CDB Bank - Maharagama Branch,"# 249 Colombo - Batticaloa Hwy, Maharagama 10280, Sri Lanka",0112 845 945,,http://www.cdb.lk/,3.4,12,"bank, finance, point_of_interest, establishment",,2025-09-28 03:41:21
ChIJrSerdgBb4joR5nY5G7fcCQ8,AIT Business Solutions,"VWF3+643, Nugegoda, Sri Lanka",0112 814 640,,https://aitbs.biz/,5,2,"point_of_interest, establishment",,2025-09-28 03:41:21
ChIJHdl3cBFa4joRsEfXypSxqVc,PASS asia | HR Asia,"Capital City, 67A Thalawathugoda Road, Sri Jayawardenepura Kotte 10100, Sri Lanka",0114 383 869,,https://passasia.com/,4.8,8,"point_of_interest, establishment",,2025-09-28 03:41:21
ChIJVWltNDpa4joRHJqM22G4M5s,Nalin Jayasuriya,"14 Temple Rd, Sri Jayawardenepura Kotte 11222, Sri Lanka",072 778 7873,94727787873,http://www.rensj.com/,5,1,"point_of_interest, establishment",,2025-09-28 03:41:21
ChIJv_Eqi0Va4joR6_87Zlr0j4I,Citizens Development Business Finance PLC (CDB Nugegoda Branch),"No. 70/A Stanley thilakarathna Mw, Nugegoda, Sri Lanka",0112 828 312,,http://www.cdb.lk/,3.7,21,"finance, point_of_interest, establishment",,2025-09-28 03:41:21
ChIJp1CgeWda4joRIFwRToL4xbg,IBS - SRI LANKA ( Institute Of Business Studies ),"No.352, Gamsaba Junction, Avissawella Rd, Nugegoda, Sri Lanka",0112 820 920,,,3.5,8,"point_of_interest, establishment",,2025-09-28 03:41:21
ChIJRaiwtLNR4joR2I-wBsUEel0,Prime Business Consultants (Pvt) Ltd,"VW2F+223, Maharagama 10280, Sri Lanka",0112 848 916,,,5,2,"point_of_interest, establishment",,2025-09-28 03:41:21
ChIJd0CGBelb4joRtgHrwVavLoc,Ananda Ranamuka,"VV5P+HW2, Boralesgamuwa, Sri Lanka",071 442 8373,94714428373,,5,1,"point_of_interest, establishment",,2025-09-28 03:41:21
ChIJ52osEeFb4joRdWwWRRnhBf0,Stalione Lanka,"463 3|1 Kotte Rd, Sri Jayawardenepura Kotte 10100, Sri Lanka",0112 714 954,,https://stalionelanka.com/,4.8,161,"point_of_interest, establishment",,2025-09-28 03:41:21
ChIJ6V7TVBpb4joROpqXRDCvcz4,Dulara Water shop,"6, 5 Somathalagala Mawatha, Nugegoda, Sri Lanka",077 358 6081,94773586081,,3.4,7,"supermarket, grocery_or_supermarket, store, food, point_of_interest, establishment",,2025-09-28 03:41:21
ChIJfXuB08pb4joRLaPwqmYWLkY,KPC FARM SHOP,"732 Lake Rd, Boralesgamuwa 10290, Sri Lanka",076 749 2468,94767492468,,3,2,"store, food, point_of_interest, establishment",,2025-09-28 03:41:21
ChIJrSER4dxR4joRmJmBqeg8mhs,Lassana Wedding Cake Shop Colombo Best Sri Lanka Cake Factory,"51/1B Colombo Main Rd, Maharagama 10280, Sri Lanka",077 033 6333,94770336333,https://www.facebook.com/LassanaWeddingCakeColomboSriLanka,5,4,"bakery, store, food, point_of_interest, establishment",,2025-09-28 03:41:21
ChIJ4ZRba9JR4joR2V-6rudPcUM,Welankele Organics-shop,"397 හෝකන්දර පාර, Sri Jayawardenepura Kotte, Sri Lanka",071 113 8111,94711138111,,5,1,"grocery_or_supermarket, store, food, point_of_interest, establishment",,2025-09-28 03:41:21
ChIJPbcPUQBb4joR57AlUqPeBZ8,Comfort Auto Ac Repair Shop,"Madiwela Rd, Nugegoda, Sri Lanka",075 424 4780,94754244780,,4.9,68,"car_repair, store, point_of_interest, establishment",,2025-09-28 03:41:21
ChIJZ3lsKJVb4joRw3GNku40fUU,Perera Motors (Battery Shop),"85 F Dehiwala Rd, Boralesgamuwa 10280, Sri Lanka",075 310 6075,94753106075,,4.5,15,"car_repair, store, point_of_interest, establishment",,2025-09-28 03:41:21
ChIJp1dAD49b4joRNpBqZKZ1UL4,Pussalla meat shop,"RVPM+FX8, Dehiwala-Mount Lavinia, Sri Lanka",,,,3.8,8,"store, food, point_of_interest, establishment",,2025-09-28 03:41:21
ChIJa_9nZABR4joR-V9IEYP3004,Hesara Print shop,"7/26 Kohilakotuwa Road, Maharagama 10280, Sri Lanka",071 575 7705,94715757705,,,,"store, point_of_interest, establishment",,2025-09-28 03:41:21
ChIJcZnUF51R4joR5w58PE4Zbjk,Bauwa shop,"572 Pitakotte - Talawatugoda Rd, Sri Jayawardenepura Kotte, Sri Lanka",075 343 2596,94753432596,,1,8,"pet_store, store, point_of_interest, establishment",,2025-09-28 03:41:21
ChIJ5YmnIyBb4joRrTjk3mUMbNA,A&A Cafe and Bake Shop,"90/D Sunethradevi Rd, Nugegoda, Sri Lanka",076 411 9907,94764119907,,4.9,12,"cafe, store, food, point_of_interest, establishment",,2025-09-28 03:41:21
ChIJC8l_cWNR4joRRtoCQ96JRro,hema clothing shop,"123 B504, Maharagama 10280, Sri Lanka",,,,5,1,"clothing_store, store, point_of_interest, establishment",,2025-09-28 03:41:21
ChIJCahNnmta4joRt3l4wKhAnec,Lada Trade Centre,"7, Old Kottawa Rd, Mirihana, Nugegoda (නුගේගොඩ) 10250, Sri Lanka",0112 820 375,,https://lada.lk/,4.2,92,"shopping_mall, furniture_store, clothing_store, home_goods_store, store, point_of_interest, establishment",,2025-09-28 03:41:21
ChIJx7sv72BR4joRGZcw-T2jCbw,The cake shop,"337 High Level Rd, Pannipitiya 10230, Sri Lanka",,,,3,1,"cafe, store, food, point_of_interest, establishment",,2025-09-28 03:41:21
ChIJmc8IQgBb4joR3nPQC1XeS4k,Gamini Aiya's Night Shop,"91c Bellanthara Rd, Dehiwala-Mount Lavinia 10350, Sri Lanka",,,,5,2,"cafe, store, food, point_of_interest, establishment",,2025-09-28 03:41:21
ChIJBxSefOJb4joRl6yp1y3TpU8,Priya Pet Shop,"93 A Maharagama road, Bellanthara Rd, Boralesgamuwa, Sri Lanka",077 807 6150,94778076150,,2.8,8,"pet_store, store, point_of_interest, establishment",,2025-09-28 03:41:21
ChIJQxdYnHJQ4joRo6Qek1YehC0,Pussalla Meat Shop - Maharagama 02,"B367, Maharagama 10280, Sri Lanka",071 872 5184,94718725184,,4.1,115,"store, food, point_of_interest, establishment",,2025-09-28 03:41:21
ChIJJQrZKXta4joR4agHoOphoXY,Junction Shop,"VW85+2C6, Nugegoda, Sri Lanka",,,,4.2,11,"clothing_store, store, point_of_interest, establishment",,2025-09-28 03:41:21
ChIJLdYtAwVR4joRmSfVIrnr-9U,Sithuwam Camera Shop Maharagama,"Maharagama 10280, Sri Lanka",,,,5,8,"electronics_store, home_goods_store, store, point_of_interest, establishment",,2025-09-28 03:41:21
ChIJ__9QTq5Q4joRAnRkjm8mF3I,Gadget Shop PVT Ltd,"1031G-1 B47, Sri Jayawardenepura Kotte 10120, Sri Lanka",0112 787 878,,,4.1,485,"store, point_of_interest, establishment",,2025-09-28 03:41:21
ChIJNdKnsIpa4joRNeCT2NF6dHw,NCS online store,"31 Old Kesbewa Rd, Nugegoda 12050, Sri Lanka",077 282 0842,94772820842,http://www.ncs.lk/,4.8,115,"shopping_mall, clothing_store, home_goods_store, store, point_of_interest, establishment",,2025-09-28 03:41:21
ChIJo4aTfABb4joR6-itVc-be8Y,Soy Ice cream shop Nugegoda,"VV7X+XVF, Nugegoda, Sri Lanka",,,,5,2,"store, food, point_of_interest, establishment",,2025-09-28 03:41:21
ChIJLyFlS_Ra4joRntqR91sSRYc,Ranga DVD Shop,"188, Boralesgamuwa, Sri Lanka",075 585 0110,94755850110,,4.3,68,"movie_rental, store, point_of_interest, establishment",,2025-09-28 03:41:21
ChIJvwLN0vJb4joR1Pov4wrrdZA,Ez Prints Shop,"528 Tewatta Road, Ragama 11010, Sri Lanka",076 430 1566,94764301566,,,,"store, point_of_interest, establishment",,2025-09-28 03:41:21
ChIJFQm1dmpa4joRYXEwBJjeVHM,New Smart Grocery Shop,"Nugegoda, Sri Lanka",,,,5,1,"grocery_or_supermarket, store, food, point_of_interest, establishment",,2025-09-28 03:41:21
ChIJtQAszDpa4joRG0CUYivS4mA,Caravan Fresh - The Cake & Pastry Shop,"266 A Nawala Rd, Sri Jayawardenepura Kotte 10100, Sri Lanka",071 870 1688,94718701688,,4.1,181,"cafe, bakery, store, restaurant, food, point_of_interest, establishment",2,2025-09-28 03:41:21
ChIJMaWeUURa4joRo95Sx8UfWf8,Sarasavi Book Shop - Nugegoda,"No. 30 Stanley Tilakaratne Mawatha, Nugegoda 10250, Sri Lanka",0112 820 820,,http://www.sarasavi.lk/,4.4,5072,"book_store, store, point_of_interest, establishment",,2025-09-28 03:41:21
ChIJF4BDs_Va4joRVhNu-Pe9CnI,Pussalla Meat Shop - Divulapitiya,"VV3V+M86, Nugegoda, Sri Lanka",071 482 9829,94714829829,,4.1,29,"store, food, point_of_interest, establishment",,2025-09-28 03:41:21
ChIJkfzctCxb4joRK_k1scJbCRA,Online Printing Shop,"122 Wijerama Road, Nugegoda 10250, Sri Lanka",078 900 8821,94789008821,,,,"store, point_of_interest, establishment",,2025-09-28 03:41:21
ChIJ_zQILmdR4joRUpLmkBDePUc,"Nature’s Corner, Thalawathugoda - Organic Shop","VWGH+FMF, Ruhunupura, Sri Lanka",0112 076 388,,http://www.naturescorner.lk/,4.4,115,"grocery_or_supermarket, store, food, point_of_interest, establishment",,2025-09-28 03:41:21
ChIJjz5fGHVa4joRp8X_8AGCG0U,Ishan Gas Centre Litro Gas Shop,"VWG8+RQ4, Sri Jayawardenepura Kotte, Sri Lanka",077 900 1134,94779001134,,4.9,18,"store, point_of_interest, establishment",,2025-09-28 03:41:21
ChIJFx43z-da4joRaSINhaDyzNw,Five Star Pastry Shop,"RVPM+XV4, B389, Dehiwala-Mount Lavinia, Sri Lanka",0112 733 908,,,3.9,100,"bakery, store, food, point_of_interest, establishment",1,2025-09-28 03:41:21
ChIJFSzyfXBQ4joRR9bbHoOxiX4,Smart Phone Shop (Pvt) Ltd.,"97/c High Level Rd, Maharagama 10230, Sri Lanka",075 233 2333,94752332333,http://www.facebook.com/smartphonelk,4.6,1056,"store, point_of_interest, establishment",,2025-09-28 03:41:21
ChIJc5aT6yZa4joR06QQ8ZddtSk,Suriyage Bike Shop,"555, Sri Jayawardenepura Kotte 10100, Sri Lanka",077 131 2200,94771312200,http://www.suriyage.com/,4.3,247,"bicycle_store, store, point_of_interest, establishment",,2025-09-28 03:41:21
ChIJg6_iCV9a4joRkg8jR95z7Qk,"Nature’s Corner, Pepiliyana - Organic Shop","56 B, Nugegoda Road, Pepiliyana, Boralesgamuwa 10290, Sri Lanka",076 924 2172,94769242172,http://www.naturescorner.lk/,4.3,151,"grocery_or_supermarket, health, store, food, point_of_interest, establishment",,2025-09-28 03:41:21
ChIJgQAVmT9a4joRRjt7fW1Ajxg,The Saree Shop,"47 Pagoda Rd, Nugegoda 10250, Sri Lanka",077 787 2965,94777872965,,4.3,189,"clothing_store, store, point_of_interest, establishment",,2025-09-28 03:41:21
ChIJB7R_mKtR4joRh9HDdqwH9q8,Thisara Dropery Shop,"1 Battaramulla - Pannipitiya Rd, Ruhunupura 10230, Sri Lanka",0112 796 527,,,,,"store, point_of_interest, establishment",,2025-09-28 03:41:21
ChIJKejddgBR4joRwTD_v8YhIY0,Caravan Fresh - The Cake & Pastry Shop,"119/A Avissawella Rd, Maharagama 10280, Sri Lanka",070 147 5354,94701475354,,4.6,149,"bakery, store, food, point_of_interest, establishment",,2025-09-28 03:41:21
ChIJ-8HmEVBa4joR-u6cQyu4cFw,Dilook Enterprises - The Sports Shop,"25 Sunethradevi Rd, Nugegoda, Sri Lanka",0112 828 854,,https://www.facebook.com/DilookEnterprises/,3.8,170,"store, point_of_interest, establishment",,2025-09-28 03:41:21
ChIJeesr6_lR4joR0Q4jCAOAC6U,Pussella Meat shop,"147 Avissawella Rd, Maharagama 10280, Sri Lanka",0112 847 251,,,3.4,5,"store, food, point_of_interest, establishment",,2025-09-28 03:41:21
ChIJKfPqM_tR4joRjUL0M50VZ0Y,Pussalla Meat Shop - Pamunuwa,"VW7H+6W6, B504, Maharagama, Sri Lanka",,,,3.3,7,"store, food, point_of_interest, establishment",,2025-09-28 03:41:21
ChIJpfpGHABb4joRqY1Y09xk5DE,Laughs Gas shop,"484 High Level Rd, Pannipitiya 10280, Sri Lanka",,,,5,1,"grocery_or_supermarket, store, food, point_of_interest, establishment",,2025-09-28 03:41:21
ChIJlwBGRQBb4joRXqIhPtldN7Q,Shop 46,"38 3rd Ln, Boralesgamuwa, Sri Lanka",,,,5,1,"store, point_of_interest, establishment",,2025-09-28 03:41:21
ChIJpQNyPABb4joREWThFjmhnCo,St Thomas's Religious Item Shop,"VWJ2+PH7 St.Thomas Church, B120, Sri Jayawardenepura Kotte 10100, Sri Lanka",,,,5,1,"store, point_of_interest, establishment",,2025-09-28 03:41:21
ChIJ8QWczPla4joRd6DApZgyJhc,Samadhi Atapirikara Shop,"79A Sunethradevi Rd, Nugegoda 10280, Sri Lanka",071 713 0139,94717130139,,4.5,13,"store, point_of_interest, establishment",,2025-09-28 03:41:21
ChIJlzxQImBZ4joR4FpGchSExDA,SPELLBOUND NUGEGODA,"75 Old Kottawa Rd, Nugegoda 10250, Sri Lanka",0112 809 797,,https://www.spellboundfashion.com/,4.5,110,"clothing_store, store, point_of_interest, establishment",,2025-09-28 03:41:21
ChIJX4BuRWhQ4joRL_-uESh20YY,Thilina Brush shop - තිළිණ බුරුසු කඩේ,"194 Avissawella Rd, Pannipitiya 10230, Sri Lanka",0112 842 102,,,4.2,38,"hardware_store, store, point_of_interest, establishment",,2025-09-28 03:41:21
ChIJ0Yu-YnFQ4joRmoyGuGfQ9wA,P.R.K. Book Shop,"54/A Piliyandala - Maharagama Rd, Maharagama 10280, Sri Lanka",071 118 8871,94711188871,,4.6,25,"store, point_of_interest, establishment",,2025-09-28 03:41:21
ChIJ9yasnHlQ4joRrCQBWrsL0bI,Sasiri Book Shop,"14 High Level Rd, Maharagama 10280, Sri Lanka",072 285 0754,94722850754,,4.3,67,"book_store, store, point_of_interest, establishment",,2025-09-28 03:41:21
ChIJBw0kzDpa4joRoS5uuhj2Wc0,Pussalla Meat Shop - Nawala,"VVQP+5W2, B470, Sri Jayawardenepura Kotte 10107, Sri Lanka",0112 937 008,,,4,14,"store, food, point_of_interest, establishment",,2025-09-28 03:41:21
ChIJjYpmOj5a4joRC1pa8qsVqKw,Hondahitha Meekiri - The Curd Shop (Pagoda),"2/1, 5th Lane, Pagoda Rd, Sri Jayawardenepura Kotte 10100, Sri Lanka",0112 811 341,,https://www.hondahitha.com/,4.5,90,"convenience_store, store, food, point_of_interest, establishment",,2025-09-28 03:41:21
ChIJT-jib5Ra4joRHEsyvVhmwig,Pussalla Meat Shop Boralesgamuwa,"Boralesgamuwa, Sri Lanka",,,,3.3,7,"store, food, point_of_interest, establishment",,2025-09-28 03:41:21
ChIJXw5kyFxb4joRklebmGVd-7s,BTS Shop Sri Lanka,"96, 12 Old Kesbewa Rd, Nugegoda, Sri Lanka",,,,4.3,4,"store, point_of_interest, establishment",,2025-09-28 03:41:21
ChIJs7lcS-db4joRKtxhUkxVNew,WICK Book Shop,"43/1 Railway Ave, Nugegoda 00600, Sri Lanka",077 341 9951,94773419951,,4.9,9,"store, point_of_interest, establishment",,2025-09-28 03:41:21
ChIJS8zakZNQ4joRUq9TXwIxbdw,Excel Book Shop,"352/1 Pannipitiya Road, Sri Jayawardenepura Kotte, Sri Lanka",071 323 6815,94713236815,,4.7,10,"book_store, store, point_of_interest, establishment",,2025-09-28 03:41:21
ChIJP5z7DsxR4joRhqU6MiWUv08,Ezone Electronics Pvt Ltd (Electronic Shop in Maharagama),"128B High Level Rd, Maharagama 10280, Sri Lanka",0117 333 484,,,3.6,5,"electronics_store, store, point_of_interest, establishment",,2025-09-28 03:41:21
ChIJwfM983Vb4joRFMhJxbjHRTA,I SHOP Nugegoda,"Stanley Tilakaratne Mawatha, Nugegoda, Sri Lanka",077 050 6186,94770506186,https://m.facebook.com/iSHOPLANKA/?ref=bookmarks,4.6,36,"store, point_of_interest, establishment",,2025-09-28 03:41:21
ChIJzd-ejDEB4zoRshxZzVPmt_w,Shinepetal - Fresh Flower Shop,"45C Dehiwala Rd, Pepiliyana 10290, Sri Lanka",077 729 2025,94777292025,,4.7,55,"florist, store, point_of_interest, establishment",,2025-09-28 03:41:21
ChIJIzzBkapZ4joR08FL-nz_vVw,M.B. Colour Center Paint Shop & Nippon CCM,"No. 390/4 Borella Road, Pannipitiya 10230, Sri Lanka",077 210 0035,94772100035,,4.4,17,"home_goods_store, store, point_of_interest, establishment",,2025-09-28 03:41:21
ChIJF20J7oZb4joR543P9AGgufo,Simple Gift Shop,"6, 2/5 Sri Soratha Mawatha, Nugegoda 10250, Sri Lanka",071 775 9366,94717759366,,5,14,"store, point_of_interest, establishment",,2025-09-28 03:41:21
ChIJQyjxFmta4joRGamIR9t4MAk,Millennium Book Shop,"295 Kotte Rd, Sri Jayawardenepura Kotte, Sri Lanka",077 912 4792,94779124792,,3.6,9,"book_store, store, point_of_interest, establishment",,2025-09-28 03:41:21
ChIJl4EGXvlR4joRLgSd-OIt0oA,Monarch Imperial,"31A New Hospital Rd, Sri Jayawardenepura Kotte 10100, Sri Lanka",0112 772 727,,http://www.monarchimperial.lk/,4.6,5912,"lodging, restaurant, food, point_of_interest, establishment",,2025-09-28 03:41:21
ChIJfTZy-FpR4joRwsvRw_DZ6kw,GB Restaurant,"363/10/A pannipitiya road, Kalalgoda Rd, Battharamula 10116, Sri Lanka",070 665 9659,94706659659,https://www.facebook.com/share/1C56wbnTy8/,4.3,17,"restaurant, food, point_of_interest, establishment",,2025-09-28 03:41:21
ChIJJd7XwUBa4joRoWyzmp7aPrQ,අඹ සෙවන Restaurant & Bar,"VVGV+J4W, Pagoda Rd, Nugegoda, Sri Lanka",0112 856 285,,,3.9,841,"restaurant, food, point_of_interest, establishment",2,2025-09-28 03:41:21
ChIJMQAenj5a4joRfAR8Yw3shiI,Garton's Ark Restaurant,"9/47 6th Lane, Pagoda Rd, Nugegoda 10250, Sri Lanka",076 800 0600,94768000600,,4.2,978,"restaurant, food, point_of_interest, establishment",2,2025-09-28 03:41:21
ChIJdVEfbQNb4joRrBrTJTaTzns,The Octa,"08 Pietersz Pl, Nugegoda, Sri Lanka",076 622 4545,94766224545,,4.5,374,"restaurant, food, point_of_interest, establishment",,2025-09-28 03:41:21
ChIJq4xaT_Jb4joRQNnFa4kaVvc,Al-Maas Family Restaurant - Maharagama,"RWV8+697, Dehiwala Rd, Maharagama 10280, Sri Lanka",0113 494 965,,,3.2,437,"restaurant, food, point_of_interest, establishment",2,2025-09-28 03:41:21
ChIJ9Z4nSU9b4joR-5DtWDchk_A,Velvet Bean Cafe & Restaurant,"21 Old Kesbewa Rd, Nugegoda 10250, Sri Lanka",077 257 2112,94772572112,,4.7,13,"restaurant, food, point_of_interest, establishment",,2025-09-28 03:41:21
ChIJDVOItN5R4joRR9DQzKJlPd8,ARCADIA Cafe & Restaurant,"Wickramasinghapura Rd, Battaramulla, Sri Lanka",0112 576 797,,,4.2,1515,"restaurant, food, point_of_interest, establishment",2,2025-09-28 03:41:21
ChIJ1wNo2hJQ4joRtMyESyaMMNk,SAN Villa Restaurant & Hotel,"RWPM+843, B367, Maharagama, Sri Lanka",075 621 1111,94756211111,,3.9,200,"restaurant, food, point_of_interest, establishment",2,2025-09-28 03:41:21
ChIJ3VU8ZiRb4joRDP9l4B0Lb9E,Wadakaya,"537 High Level Rd, Nugegoda 10250, Sri Lanka",077 247 4336,94772474336,,5,5,"restaurant, food, point_of_interest, establishment",,2025-09-28 03:41:21
ChIJ7cTgF1Ba4joRVqtLmFqZ2-U,Gihans Family Restaurant and Pub,"90, S De S. Jayasinghe Road, 10250, Sri Lanka",0112 852 030,,,4,2187,"restaurant, food, bar, point_of_interest, establishment",2,2025-09-28 03:41:21
ChIJAVGXMOZb4joRAcGsfaRVZok,මස්ම EAT - Masma EAT BBQ Nugegoda,"94 Pepiliyana Rd, Nugegoda 10250, Sri Lanka",071 688 8222,94716888222,,4.6,394,"restaurant, food, point_of_interest, establishment",2,2025-09-28 03:41:21
ChIJKenSxFxa4joRvLeUMB_fwew,Chinese Dragon Cafe - Nugegoda,"242 High Level Rd, Nugegoda, Sri Lanka",0117 808 080,,http://www.chinesedragoncafe.com/,4.4,2703,"restaurant, food, point_of_interest, establishment",2,2025-09-28 03:41:21
ChIJPz-HUsdb4joR8-VDm19p-HM,the recipes wijerama,"54/2 School Ln, Nugegoda 10250, Sri Lanka",,,,5,1,"restaurant, food, point_of_interest, establishment",,2025-09-28 03:41:21
ChIJSyPig_Fb4joR9APzLr94gQo,20-20 Family Restaurant,"88a Sunethradevi Rd, Nugegoda, Sri Lanka",0112 828 818,,https://www.facebook.com/2020FamilyRestaurant/,3.7,213,"restaurant, food, point_of_interest, establishment",,2025-09-28 03:41:21
ChIJi04z1l9b4joRH_48_sTiKMg,"Cimply Yummy - Jubilee Post, Mirihana","No 77A Mirihana Rd, Nugegoda 10100, Sri Lanka",070 433 3444,94704333444,https://www.facebook.com/cimplyyummy/,4.4,814,"restaurant, food, point_of_interest, establishment",2,2025-09-28 03:41:21
ChIJPeDrLWtb4joRX3sb3ZDVxJo,Meat Carlos,"295 High Level Rd, Nugegoda, Sri Lanka",077 744 4909,94777444909,https://www.facebook.com/meatcarlos/,4.6,940,"restaurant, food, point_of_interest, establishment",2,2025-09-28 03:41:21
ChIJqcJUF7lb4joRR7NeHfatczk,The Paddock Club Café & Lounge,"69 Sunethradevi Rd, Nugegoda 10250, Sri Lanka",0112 756 990,,,4.8,75,"restaurant, night_club, cafe, food, bar, point_of_interest, establishment",,2025-09-28 03:41:21
ChIJzc1w8kNb4joRF4klhdJddns,Wokabulary,"249 Old Kottawa Rd, Nugegoda 10250, Sri Lanka",076 608 7824,94766087824,,5,12,"restaurant, food, point_of_interest, establishment",,2025-09-28 03:41:21
ChIJLQuoYfVb4joR4XwxHb3Fv1w,Grand Squid,"405-A Old Kottawa Rd, Nugegoda, Sri Lanka",071 476 8768,94714768768,http://www.grandsquid.lk/,4.5,160,"restaurant, food, point_of_interest, establishment",,2025-09-28 03:41:21
ChIJvWFsn2ta4joRG8SsldZh45k,Spinneys Restaurant Jubilee Post,"11 Old Kottawa Rd, Nugegoda 10250, Sri Lanka",0112 821 482,,,4.1,428,"restaurant, food, point_of_interest, establishment",2,2025-09-28 03:41:21
ChIJV1Kj-IFb4joRcPkPyHaYIPU,My Joint - BYOB,"249 Old Kottawa Rd, Nugegoda, Sri Lanka",075 220 6206,94752206206,,4.8,131,"restaurant, food, point_of_interest, establishment",,2025-09-28 03:41:21
ChIJ_dQhTDRb4joRyNo5jKph75s,The Hokey Pokey with Spisia,"90C Sunethradevi Rd, Nugegoda 10250, Sri Lanka",077 781 8180,94777818180,,4.3,140,"restaurant, food, point_of_interest, establishment",,2025-09-28 03:41:21
ChIJfy0VUwBb4joRQkVhu35s51w,Banana Leaf - Nugegoda,"150e High Level Rd, Nugegoda, Sri Lanka",0112 515 572,,,4.1,89,"restaurant, food, point_of_interest, establishment",,2025-09-28 03:41:21
ChIJK6dYwpZQ4joR2R8wxRuXXTo,Grand 7 Restaurant - Thalawathugoda,"No:531,Capital Mall, Pitakotte - Talawatugoda Rd, Sri Jayawardenepura Kotte, Sri Lanka",0114 542 881,,https://grand7restaurant.com/,4.3,665,"restaurant, food, point_of_interest, establishment",2,2025-09-28 03:41:21
ChIJdcOifHBQ4joRr7iLnFpc684,Blue Sky Space restaurant,"83 High Level Rd, Maharagama 10280, Sri Lanka",0114 809 392,,,4,532,"restaurant, food, point_of_interest, establishment",2,2025-09-28 03:41:21
ChIJ56Xg9qNb4joRwEv_1RqV1sE,Balalaika Gallery Cafe,"9 Jambugasmulla Rd, Nugegoda, Sri Lanka",077 280 0878,94772800878,,4.3,177,"restaurant, art_gallery, clothing_store, food, store, point_of_interest, establishment",,2025-09-28 03:41:21
ChIJ6zFUJeNb4joRl7wnoymi7UA,Tango Restaurant - Boralesgamuwa,"114b Colombo - Horana Rd, Boralesgamuwa, Sri Lanka",0112 048 884,,http://tangorest.lk/,4,1527,"restaurant, food, point_of_interest, establishment",2,2025-09-28 03:41:21
ChIJr_zmusxb4joRaUP64Mw1jO8,OMNI Restaurant,"No.52 Old Maharagama Rd, Maharagama 10280, Sri Lanka",070 206 6666,94702066666,,4,508,"restaurant, bakery, food, store, point_of_interest, establishment",2,2025-09-28 03:41:21
ChIJ653QwJRQ4joRqE-pgaw-NXY,Podium Sports Restaurant,"Ruhunupura, Sri Lanka",0112 796 595,,,4.4,809,"restaurant, food, point_of_interest, establishment",2,2025-09-28 03:41:21
ChIJabIHbgBb4joRVvUXCi6fPL4,Modara Gedara Restaurant,"VV2V+JV9, Boralesgamuwa, Sri Lanka",077 198 8088,94771988088,,4.6,100,"restaurant, food, point_of_interest, establishment",,2025-09-28 03:41:21
ChIJSwV3lntb4joRjAe-_dktmMo,Rasamuluthena - රසමුළුතැන - Nugegoda,"Old Kesbewa Rd, Nugegoda 10250, Sri Lanka",077 740 3501,94777403501,,4.2,177,"restaurant, food, point_of_interest, establishment",2,2025-09-28 03:41:21
ChIJOzRimIdb4joReDdbSz-zCtQ,One Zero Zero - Nugegoda,"100 Mirihana Rd, Nugegoda 10250, Sri Lanka",0112 198 090,,https://www.onezerozero.xyz/,4.2,91,"cafe, restaurant, food, store, point_of_interest, establishment",,2025-09-28 03:41:21
ChIJKQJYFmta4joRnlFLcRivI-8,Jade Restaurant,"No.238, Kotte Road, Jubilee Post, Sri Jayawardenepura Kotte, Sri Lanka",0112 818 181,,http://jade.lk/,4.3,688,"restaurant, food, point_of_interest, establishment",2,2025-09-28 03:41:21
ChIJAzPvp0Va4joRAyTUPaDCxRk,Top Form,"150C High Level Rd, Nugegoda, Sri Lanka",0112 812 737,,,3.6,574,"restaurant, food, point_of_interest, establishment",2,2025-09-28 03:41:21
ChIJV79PwhxR4joRQr4G7vIkAAo,The Buttercup Restaurant,"221 High Level Rd, Maharagama 10280, Sri Lanka",0112 845 813,,,4,361,"restaurant, food, point_of_interest, establishment",2,2025-09-28 03:41:21
ChIJC52Nmt9b4joRuocNL7hDDl8,Ma's Delicacy,"Nalandarama Rd, Nugegoda 10250, Sri Lanka",077 328 3423,94773283423,http://masdelicacy.rf.gd/,4.3,6,"restaurant, food, point_of_interest, establishment",,2025-09-28 03:41:21
ChIJwTc6RWpa4joRaGehizJ-Z_k,Harpos Pizza and Pasta Nugegoda,"178/A Stanley Tilakaratne Mawatha, Nugegoda, Sri Lanka",0114 323 023,,http://www.harpospizzas.com/,4.3,1241,"restaurant, food, point_of_interest, establishment",2,2025-09-28 03:41:21
ChIJk1TXkipR4joReYBJUKAKGn0,Super New Kitchen family restaurant,"151 Pagoda Rd, Sri Jayawardenepura Kotte 10100, Sri Lanka",0114 551 640,,,4,83,"restaurant, food, point_of_interest, establishment",,2025-09-28 03:41:21
ChIJG7pLVmpa4joRI0jxjUHW830,Palpatha Hotel,"253/10 Etul Kotte-Mirihana-Kohuwela Rd, Nugegoda, Sri Lanka",077 762 6284,94777626284,,3.6,475,"restaurant, food, point_of_interest, establishment",1,2025-09-28 03:41:21
ChIJ6UFKGNVR4joR-MkfBc8vblo,The Junk Yard by The Barn,"75, Bogahawatte, Temple Rd, 10116, Sri Lanka",070 794 4945,94707944945,http://www.instagram.com/junkyard.bythebarn/,4.2,686,"restaurant, food, point_of_interest, establishment",2,2025-09-28 03:41:21
ChIJ94Gh-bBb4joROhT2ww0bXbU,Baked Colombo,"50 Sunethradevi Rd, Nugegoda, Sri Lanka",077 764 7172,94777647172,http://www.baked.lk/,4,202,"cafe, restaurant, food, store, point_of_interest, establishment",,2025-09-28 03:41:21
ChIJPadv499b4joRbfACfkZN9jk,Salmon and Maki,"352B Pitakotte - Talawatugoda Rd, Sri Jayawardenepura Kotte 10100, Sri Lanka",077 721 5390,94777215390,,4.5,477,"restaurant, food, point_of_interest, establishment",,2025-09-28 03:41:21
ChIJIZJL8K9R4joR8stRsi_g5Sc,Kamakura,"31 New Hospital Rd, Sri Jayawardenepura Kotte 10100, Sri Lanka",0112 174 705,,https://monarchimperial.lk/kamakura/,4.5,100,"restaurant, food, point_of_interest, establishment",,2025-09-28 03:41:21
ChIJN2P5UwBR4joRDlDkz1erWiQ,TEXAS Restaurant,"20 Elhena Rd, Maharagama 10280, Sri Lanka",,,,4.5,23,"restaurant, food, point_of_interest, establishment",,2025-09-28 03:41:21
ChIJJy3RPklb4joRkFsTaz8IAho,Stables Restaurant,"386, 1 High Level Rd, Maharagama 10280, Sri Lanka",071 268 4992,94712684992,,4.1,178,"restaurant, food, point_of_interest, establishment",,2025-09-28 03:41:21
ChIJ9_t684Fb4joRzEzm8U7txQY,Luviz Restrurant,"Madiwela Rd, Nugegoda 10100, Sri Lanka",077 203 5715,94772035715,,5,5,"restaurant, food, point_of_interest, establishment",,2025-09-28 03:41:21
ChIJdb_FNwBR4joRksNeOYpHQGQ,Pandyas Legacy Indian restaurant,"770 Battaramulla - Pannipitiya Rd, Ruhunupura, Sri Lanka",075 466 5333,94754665333,http://www.pandyas.lk/,4.9,258,"restaurant, food, point_of_interest, establishment",,2025-09-28 03:41:21
ChIJM5MLpYlR4joRiAGL-1LVbbY,Mannãr Restaurant,"363/10/C Battaramulla - Pannipitiya Rd, Ruhunupura 10116, Sri Lanka",0117 927 993,,,3.3,871,"restaurant, food, point_of_interest, establishment",2,2025-09-28 03:41:21
ChIJ90GHg2lb4joR0O5D1Y21xV4,Gune’s grill wok & BBQ - Rattanapitiya,"76 Colombo - Horana Rd, Boralesgamuwa, Sri Lanka",070 526 7267,94705267267,,4.2,538,"restaurant, food, point_of_interest, establishment",2,2025-09-28 03:41:21
ChIJUy3aDF1b4joRvgY5QWSHZ5M,Mintage Restaurant-Kotte,"254 Pitakotte - Talawatugoda Rd, Sri Jayawardenepura Kotte 10100, Sri Lanka",0112 874 140,,https://mintage.lk/,4.2,430,"restaurant, food, point_of_interest, establishment",,2025-09-28 03:41:21
ChIJc3mB79db4joRnYo6rG1f_r0,BRICKHOUSE Food Station,"73a Old Kesbewa Rd, Nugegoda, Sri Lanka",0112 816 999,,,5,2,"restaurant, food, point_of_interest, establishment",,2025-09-28 03:41:21
ChIJSSWosLlR4joRBlZY8wifw4M,FoodZio,"154 New Hospital Rd, Nugegoda, Sri Lanka",077 790 8060,94777908060,http://foodzio.lk/,4.9,33,"restaurant, food, point_of_interest, establishment",,2025-09-28 03:41:21
ChIJ7cnx-U9a4joR7iJ0E8KuaLA,Dinemore - Kohuwala,"127 S. De S. Jayasinghe Mawatha, Nugegoda, Sri Lanka",0112 817 718,,https://www.dinemore.lk/,3.9,3115,"restaurant, food, point_of_interest, establishment",2,2025-09-28 03:41:21
ChIJQx81N5Fa4joR6xF8ux82SrU,Nest Family Restaurant,"468 Lake Rd, Boralesgamuwa 10280, Sri Lanka",077 424 2311,94774242311,https://www.facebook.com/NestFamilyRestaurant,4.2,438,"restaurant, food, point_of_interest, establishment",2,2025-09-28 03:41:21
ChIJkf4rAxxR4joRDs0emxdxT8U,Hogwarts Cafe Maharagama,"214 High Level Rd, Maharagama 10280, Sri Lanka",070 125 2888,94701252888,,4.2,695,"restaurant, food, point_of_interest, establishment",,2025-09-28 03:41:21
ChIJt3oO-nhR4joRUH637RFJc40,ගම්Mirisa (GamMirisa),"290 New Hospital Road, Nugegoda, Sri Lanka",074 005 9940,94740059940,,4,104,"restaurant, food, point_of_interest, establishment",,2025-09-28 03:41:21
ChIJUcqTpZNQ4joRgzrjHcApNMM,Dynasty - Wine & Dine,"527/7, Borella Road, Talawathugoda, Sri Lanka",0112 776 622,,,4.5,473,"bar, restaurant, food, point_of_interest, establishment",2,2025-09-28 03:41:21
ChIJGSXxJkpR4joROP3SmbM1EQA,Chola Authentic Indian Restaurant,"VWGP+49F, B47, Sri Jayawardenepura Kotte, Sri Lanka",0114 294 436,,http://www.chola.lk/,4.1,658,"restaurant, food, point_of_interest, establishment",,2025-09-28 03:41:21
ChIJkT3dKo5b4joRBibZ8z38HLY,Barrels,"14 Sri Soratha Mawatha, Nugegoda 10250, Sri Lanka",076 567 4708,94765674708,https://www.instagram.com/barrels_23/,4.8,13,"restaurant, food, point_of_interest, establishment",,2025-09-28 03:41:21
ChIJWVHqruta4joREAC9mDDDpwg,Malinga Auto Electricals,"12 a Ruban Perera Mawatha, Boralesgamuwa, Sri Lanka",077 307 2840,94773072840,,4.4,125,"car_repair, point_of_interest, establishment",,2025-09-28 03:41:21
ChIJeX3YnH5a4joRubDRzw8ioGE,Sachini Bumper Service,"no 530 Old Kottawa Rd, Maharagama 10280, Sri Lanka",077 171 9160,94771719160,,4.1,75,"car_repair, store, point_of_interest, establishment",,2025-09-28 03:41:21
ChIJx24_4XhQ4joRFB8CySFAfTI,Bullion Auto A/C,"RWX9+WRG, Maharagama 10280, Sri Lanka",077 779 0021,94777790021,,3.8,25,"car_repair, point_of_interest, establishment",,2025-09-28 03:41:21
ChIJ15x9cD5R4joRLVJyWZiTgQ4,Bike service mahesh,"33/17, 1st Lane, Ratnayake Mawatha, Battaramulla, Sri Lanka",,,,5,2,"car_repair, point_of_interest, establishment",,2025-09-28 03:41:21
ChIJIY3GLTRR4joRKsXK3U0aToE,Car Scanning,"96 Elhena Rd, Maharagama 10280, Sri Lanka",076 353 8621,94763538621,,4.7,42,"car_repair, point_of_interest, establishment",,2025-09-28 03:41:21
ChIJH3EcIABb4joRykv6wRiGAsY,Piyal Motors (pvt) ltd wijerama,"110 Wijerama Road, Nugegoda 10250, Sri Lanka",072 087 8291,94720878291,,5,17,"car_repair, point_of_interest, establishment",,2025-09-28 03:41:21
ChIJgcc4hmRQ4joRpZErovLtviY,High Tech Automobiles,"63\1, 4th Lane, Dambahena Rd, Maharagama 10280, Sri Lanka",071 277 9412,94712779412,https://www.facebook.com/efdautomobiles/,5,43,"car_repair, point_of_interest, establishment",,2025-09-28 03:41:21
ChIJpcY_gF9b4joRE0eNful1MGE,Nilan Auto Engineering,"RVVP+H5M, Dehiwala-Mount Lavinia, Sri Lanka",077 412 9316,94774129316,,4.4,8,"car_repair, point_of_interest, establishment",,2025-09-28 03:41:21
ChIJDZWrjv5b4joRzApKWs5wSrs,Stafford Motor Co. (Pvt) Ltd. Motorcycle Service & Spares Centre,"140 Colombo Main Rd, Boralesgamuwa 10290, Sri Lanka",0117 607 470,,http://www.honda.lk/,3.9,404,"car_repair, point_of_interest, establishment",,2025-09-28 03:41:21
ChIJT5TBezxR4joRb3Fw6nx-MRw,Hybrid Auto Care Center,"146/D Hokandara Rd, Pannipitiya 10230, Sri Lanka",077 789 0675,94777890675,http://www.hybridautocarecenter.com/,4.2,96,"car_repair, point_of_interest, establishment",,2025-09-28 03:41:21
ChIJ6UteRt9b4joRCvJ2eXI_Y6A,Chamith Nano Service this is his home,"VW57+JJ9, Nugegoda 10280, Sri Lanka",071 902 2236,94719022236,,4.7,32,"car_repair, point_of_interest, establishment",,2025-09-28 03:41:21
ChIJ8cNqkZ9Q4joRl0Ve8Tqs-5k,Induwara Motors,"VWHC+3C8, Colombo, Sri Lanka",,,,4.7,12,"car_repair, point_of_interest, establishment",,2025-09-28 03:41:21
ChIJuQTwupBb4joR-_JBd3fQniI,Euro merz,"57 Old Kottawa Rd, Maharagama 10280, Sri Lanka",077 422 4720,94774224720,,4.5,93,"car_repair, point_of_interest, establishment",,2025-09-28 03:41:21
ChIJ-1aHFeFb4joRU8TduyRRASo,Pathmasiri Auto Electrical,"415 Avissawella Rd, Nugegoda, Sri Lanka",077 785 1734,94777851734,,4.6,17,"car_repair, point_of_interest, establishment",,2025-09-28 03:41:21
ChIJdYUILVVX4joR--c30_GJMNs,Perera Tyre Service (Pvt) Ltd- Battaramulla,"82, 2 Pannipitiya Rd, Sri Jayawardenepura Kotte 10120, Sri Lanka",0112 875 260,,http://www.tyres.lk/,4,102,"car_repair, store, point_of_interest, establishment",,2025-09-28 03:41:21
ChIJ5QUL6mhQ4joREn_G1SbRgWw,Sujath Radiator repair,"Town, RWWP+7XM, Maharagama 10280, Sri Lanka",077 903 0901,94779030901,,4.8,35,"car_repair, point_of_interest, establishment",,2025-09-28 03:41:21
ChIJj6qqqt5a4joRr4cJuGd1Ry0,Prime Tyre & Auto Service (pvt)ltd,"No. 17 Old Kottawa Rd, Nugegoda 10250, Sri Lanka",077 263 4875,94772634875,https://www.facebook.com/share/15QpriaiCD/?mibextid=wwXIfr,4.2,38,"car_wash, car_repair, store, point_of_interest, establishment",,2025-09-28 03:41:21
ChIJQwpLgIda4joRUVAcpDcQbKM,Shani International Bajaj Service Station,"VW56+4C7, Nugegoda 10280, Sri Lanka",077 741 5694,94777415694,,3.7,191,"car_repair, point_of_interest, establishment",,2025-09-28 03:41:21
ChIJewAAQD5a4joRSNUUdiMy3Zo,myPOS Software Solutions (Pvt) Ltd,"19/6 Pagoda Rd, Nugegoda 10250, Sri Lanka",0114 500 199,,https://www.mypos.lk/,4.5,166,"point_of_interest, establishment",,2025-09-28 03:41:21
ChIJ6THR0Hpa4joR1RS374Iw-dE,DMW Company,"67 Santhanampitiya Rd, Nugegoda 10250, Sri Lanka",070 128 5373,94701285373,,5,1,"point_of_interest, establishment",,2025-09-28 03:41:21
ChIJm_wk4LBR4joR4Kih41Q66g4,Fcode Labs (Pvt) Ltd,"208 Stanley Tilakaratne Mawatha, Nugegoda 10100, Sri Lanka",0114 294 299,,https://www.fcodelabs.com/,4.2,46,"point_of_interest, establishment",,2025-09-28 03:41:21
ChIJlUqxuHlQ4joRw_KOJwL4K30,Markspen Group,"RWXF+969, 31 Elhena Rd, Maharagama 10280, Sri Lanka",0117 679 579,,http://www.markspengroup.com/,4.4,29,"point_of_interest, establishment",,2025-09-28 03:41:21
ChIJVTuhTBNZ4joRg5jhVy9yIvA,Embla Software Innovation,"144/A, 3rd floor, Attidiya Rd, Dehiwala-Mount Lavinia 10350, Sri Lanka",0112 761 696,,http://www.embla.asia/,4.6,70,"point_of_interest, establishment",,2025-09-28 03:41:21
ChIJfT7X10Ba4joRWRb1YcTJP2U,Aeturnum Lanka (Pvt) Ltd,"No: 197, Stanley Thilakarathna Mw, 197, Stanley Thilakarathna Mw B120, Nugegoda 10250, Sri Lanka",0114 418 177,,https://www.aeturnum.com/,4.6,80,"point_of_interest, establishment",,2025-09-28 03:41:21
ChIJ3TEogQhb4joRyF2ymoVPTvg,Ceylon pickle Company Head Office,"23/C G H Perera Mawatha, Boralesgamuwa, Sri Lanka",071 100 7100,94711007100,,5,1,"food, point_of_interest, establishment",,2025-09-28 03:41:21
ChIJCSLJ3Jtb4joRkCa4zO-mHjU,iTelasoft (Pvt) Ltd,"69 Old Kottawa Rd, Nugegoda, Sri Lanka",0112 099 900,,https://www.itelasoft.com.au/,4.6,104,"point_of_interest, establishment",,2025-09-28 03:41:21
ChIJh6Agc9lb4joRZ9LNaqVmR_o,Synotec Holdings (Pvt) Ltd,"No.55 Isipathanarama Rd, Maharagama 10280, Sri Lanka",070 277 3500,94702773500,https://www.synotec.lk/,5,39,"point_of_interest, establishment",,2025-09-28 03:41:21
ChIJG81XqdBb4joRFv_IoPdYLyU,ConnectCo Software,"No 50 b Thalawathugoda Road, Sri Jayawardenepura Kotte 10100, Sri Lanka",0112 868 687,,https://connectco.co/,5,60,"point_of_interest, establishment",,2025-09-28 03:41:21
ChIJ-9lMesxb4joRCs63EqQQIcs,Nanayakkara & Company,"239/6 High Level Rd, Nugegoda, Sri Lanka",071 842 4547,94718424547,,3.9,8,"health, point_of_interest, establishment",,2025-09-28 03:41:21
ChIJT4qaN5BZ4joRSQtBZlJ6iEs,Sri Jayawardenepura Kotte,"Sri Jayawardenepura Kotte, Sri Lanka",,,,,,"locality, political",,2025-09-28 03:41:21
ChIJw6ZaeI5a4joRb9Wh8RwPVlU,Maya,"RWX3+C2J Old House Temples Rd, Aranwela 82200, Sri Lanka",098208 43540,,,,,"lodging, point_of_interest, establishment",,2025-09-28 03:41:21
ChIJY_o0pvRa4joRfyagHsxwl-g,Leisure Villa,"Leisure Villa, Dias Terrace, Boralesgamuwa, Sri Lanka",077 007 8114,94770078114,https://www.booking.com/hotel/lk/leisure-villa-boralesgamuwa.en-gb.html?label=gen173nr-1DCAsohQFCG2xlaXN1cmUtdmlsbGEtYm9yYWxlc2dhbXV3YUgJWARohQGIAQGYAQm4ARjIAQ3YAQPoAQH4AQOIAgGoAgS4As6_jZsGwAIB0gIkNDZmMjZlOTYtZTkzYy00M2U0LTljZGMtN2VkNDIzYTBkMTFk2AIE4AIB&sid=7600d6af05b4d3bcfe5d3bc7ea7eda77&dist=0&keep_landing=1&sb_price_type=total&type=total&,4.7,47,"lodging, point_of_interest, establishment",,2025-09-28 03:41:21
ChIJe4fgs_dZ4joRNITfIttp9tI,Villa iVy crest,"1013 B120, කොළඹ 01013, Sri Lanka",,,,4,9,"lodging, point_of_interest, establishment",,2025-09-28 03:41:21
ChIJjX-hQ5Fa4joR1gQ7Avc8XSw,Wishing Well Apartment,"23 Jaya Mawatha, Lake Rd, Boralesgamuwa 10290, Sri Lanka",07958 537403,,https://wishingwellapartment.hotelonia.com/,4.7,3,"lodging, point_of_interest, establishment",,2025-09-28 03:41:21
ChIJ532KQl9a4joR74uaIDOVjbA,Breeze Villa,"63/12C Ambarellawatta, Pepiliyana Road, Nugegoda, 10250 Nugegoda 10250, Sri Lanka",0112 820 632,,,4,5,"lodging, point_of_interest, establishment",,2025-09-28 03:41:21
ChIJPe3bonlQ4joRb8WVnWJ9l-8,Kanora Lake Resort,"86, 15 Elhena Rd, Maharagama 10280, Sri Lanka",0112 088 678,,,3.9,138,"lodging, point_of_interest, establishment",,2025-09-28 03:41:21
ChIJ08-nI2da4joRbAOL6-lE5qQ,Eco Friendly Beautiful Suite,"50/12, Old Kesbewa Road, Nugegoda 10250, Sri Lanka",077 342 9466,94773429466,,,,"lodging, point_of_interest, establishment",,2025-09-28 03:41:21
ChIJQxaSB5Ra4joRdWjnpE2vGhE,Colombo - EI Team Guest House,"58, 5 Lake Rd, Boralesgamuwa 10290, Sri Lanka",076 322 1161,94763221161,,,,"lodging, point_of_interest, establishment",,2025-09-28 03:41:21
ChIJh1v7XFta4joRFlinqHnQLWU,Thissa Homestay,"1/3 Thissa Mawatha Melder Place Nugegoda. Nugegoda 10250vr, 1 Tissa Mawatha, Moratuwa, Sri Lanka",076 762 8782,94767628782,,4.2,27,"lodging, point_of_interest, establishment",,2025-09-28 03:41:21
ChIJYRqUoGNa4joRyKGxJ0d53xI,Commercial Bank,"588 High Level Rd, Nugegoda 10250, Sri Lanka",0112 821 888,,https://www.combank.lk/,3.3,114,"bank, finance, point_of_interest, establishment",,2025-09-28 03:41:21
ChIJX7Afu51a4joRD940OqQn0Zk,Avondale Colombo,"216, 17 Sisila Garden, Maharagama 10280, Sri Lanka",077 354 4376,94773544376,,4.8,4,"lodging, point_of_interest, establishment",,2025-09-28 03:41:21
ChIJebaUDpha4joRoSLylSFrdV4,One Bed Apartment,"136 1/1, 19th lane, Ambillawatta Rd, Boralesgamuwa 10290, Sri Lanka",077 794 2714,94777942714,,3,1,"lodging, point_of_interest, establishment",,2025-09-28 03:41:21
ChIJxdIEZHBQ4joRvWmMmtHfvec,Bank of Ceylon - Maharagama - ලංකා බැංකුව මහරගම,"88 Avissawella Rd, Maharagama 10230, Sri Lanka",0112 746 146,,,3.3,153,"bank, atm, finance, point_of_interest, establishment",,2025-09-28 03:41:21
ChIJw23OQGZa4joRoF9lG7jQKLI,Mr.Chinthaka Kohomban,"Old Kesbewa Rd, Nugegoda, Sri Lanka",071 119 5949,94711195949,,5,2,"lawyer, point_of_interest, establishment",,2025-09-28 03:41:21
ChIJaWh7CHZa4joRTdLgKYpdykA,SERENITY VILLA,"Knowledge Drive ( Pvt) Ltd., 8A / 5 Koranelis Mawatha, Sri Jayawardenepura Kotte, Sri Lanka",0114 506 508,,,4.6,13,"lodging, point_of_interest, establishment",,2025-09-28 03:41:21
ChIJOaKFyWZa4joRZwolPUFHPZM,Highlevel Plaza,"High Level Rd, Nugegoda, Sri Lanka",0115 818 180,,,3.6,395,"shopping_mall, point_of_interest, establishment",,2025-09-28 03:41:21
ChIJE0VyG3xa4joRwO44bylHt3Y,Pet Shine Animal Clinic,"480/1 Old Kottawa Rd, Nugegoda 10250, Sri Lanka",077 229 0230,94772290230,https://the-animalclinic.blogspot.com/,4.9,60,"veterinary_care, point_of_interest, establishment",,2025-09-28 03:41:21
ChIJrVUngXBa4joRTjlS_6_c-uI,K D A Weerasinghe & Co,"8, 16 Thalapathpitiya Rd, Nugegoda, Sri Lanka",0112 835 860,,http://www.kdaw.lk/,4.3,90,"general_contractor, point_of_interest, establishment",,2025-09-28 03:41:21
ChIJNbV3lXpa4joRM45nvaew5GI,Nugegoda,"Nugegoda, Sri Lanka",,,,,,"locality, political",,2025-09-28 03:41:21
ChIJs4h-nnpa4joRMSX_fALSHEs,Sampath Bank Embuldeniya,"282 Old Kottawa Rd, Nugegoda 10250, Sri Lanka",0112 836 410,,http://www.sampath.lk/,2.9,56,"bank, finance, point_of_interest, establishment",,2025-09-28 03:41:21
ChIJi9zwrIla4joR_0QA6Yrx3Lw,Faculty of Applied Sciences,"University of Sri Jayewardenepura, VW33+X97, Nugegoda, Sri Lanka",0112 802 914,,http://science.sjp.ac.lk/,4.6,42,"point_of_interest, establishment",,2025-09-28 03:41:21
ChIJxXhk-vJZ4joRnowU1VAITAI,Whiter Smiles Dental Clinic,"449A B291, Old Kottawa Rd, Nugegoda, Sri Lanka",071 208 7078,94712087078,,4.9,7,"dentist, doctor, health, point_of_interest, establishment",,2025-09-28 03:41:21
ChIJefCSO4la4joR87FKMQ-XrLY,Faculty of Management Studies & Commerce,"Faculty of Management Studies and Commerce, Sri Soratha Building - Faculty Of Management studies and commerce, University of Sri Jayewardenepura, Nugegoda 10250, Sri Lanka",0112 803 343,,http://mgt.sjp.ac.lk/,4.9,57,"university, point_of_interest, establishment",,2025-09-28 03:41:21
ChIJ5TBu239Q4joR4dRmQ2bezwo,Ceylon Automobile,"No;377 1/2, Navinna,, Avissawella Rd, Maharagama 10280, Sri Lanka",0112 803 354,,,3.3,3,"car_rental, car_dealer, car_repair, store, point_of_interest, establishment",,2025-09-28 03:41:21
ChIJg4SqxWZa4joR0v0lvSaq1ao,Wickramarachchi Opticians & Hearing Care Nugegoda,"Delkanda, No.436 High Level Rd, Nugegoda 10250, Sri Lanka",0112 824 646,,https://wickramarachchiopticians.com/,3.9,411,"doctor, store, health, point_of_interest, establishment",,2025-09-28 03:41:21
ChIJPzD7dnlQ4joRmoXlpO2IWLs,Fashion Bug Maharagama,"126 High Level Rd, Maharagama 10280, Sri Lanka",0112 839 911,,http://www.fashionbug.lk/,4,886,"clothing_store, store, point_of_interest, establishment",1,2025-09-28 03:41:21
ChIJf--KFIBa4joRD934ozdMs2c,Sri Lanka Ayurvedic Drugs Corporation,"Nawinna, 94 Old Kottawa Rd, Maharagama 10280, Sri Lanka",0112 850 229,,http://www.sladc.lk/,4.5,30,"pharmacy, store, health, point_of_interest, establishment",,2025-09-28 03:41:21
ChIJI6v_EGda4joRYwHKBcbGKbc,International Academy of Beauticians (Pvt) Ltd.,"389 High Level Rd, Nugegoda, Sri Lanka",072 285 3322,94722853322,,4.5,66,"point_of_interest, establishment",,2025-09-28 03:41:21
ChIJ5wu_y2Za4joRlsK6rolgS1Q,Lankatech Holdings Pvt Ltd,"Delkanda, No83 High Level Plaza, නුගේගොඩ 10250, Sri Lanka",077 303 1466,94773031466,http://www.lankatech.lk/,4.5,2,"store, point_of_interest, establishment",,2025-09-28 03:41:21
ChIJJSYPC3lQ4joRhAPFgQw6PBA,Hatton National Bank - HNB Maharagama,"145 High Level Rd, Maharagama 10280, Sri Lanka",0112 851 468,,https://www.hnb.net/?utm_source=google&utm_medium=gmb&utm_campaign=maharagama_branch,3.4,82,"atm, bank, finance, point_of_interest, establishment",,2025-09-28 03:41:21
ChIJJWZtMIJa4joR3Dyb2Hx-6mo,MyPC Computer Systems,"55 Isipathanarama Rd, Maharagama 10280, Sri Lanka",071 444 4900,94714444900,,3.5,2,"point_of_interest, establishment",,2025-09-28 03:41:21
ChIJo3gXJGda4joRiu3lucYbiZc,Deepika Gunasekera Salons - Bridal Salon,"392, 12A High Level Rd, Nugegoda 10250, Sri Lanka",077 960 0469,94779600469,,4,23,"florist, clothing_store, store, point_of_interest, establishment",,2025-09-28 03:41:21
ChIJqzXPn4NQ4joR1ccmln2ukxU,Tecxpert Microsystems Private Limited,"242/3, Temple Road,, Thalapathpitiya, Nugegoda, Colombo 10250, Sri Lanka",0114 808 099,,,3,2,"point_of_interest, establishment",,2025-09-28 03:41:21
ChIJ9W1bkIla4joRuuqY85QM3D0,Sri Lanka Host,"677 High Level Rd, Nugegoda, Sri Lanka",077 661 4137,94776614137,http://www.dpwtecchno.com/,,,"point_of_interest, establishment",,2025-09-28 03:41:21
ChIJx7susnhQ4joR_AW9YdXNOs0,Sampath Bank Touchless ATM,"Wattegedara, 230 Avissawella Rd, Maharagama 10280, Sri Lanka",,,http://www.sampath.lk/,3.2,9,"atm, finance, point_of_interest, establishment",,2025-09-28 03:41:21
ChIJYTZBTn1a4joRPkVi2GLrrkE,Bank of Ceylon Wijerama - ලංකා බැංකුව,"VW45+PQ8, Colombo - Batticaloa Hwy, Nugegoda, Sri Lanka",0112 803 551,,,3.8,36,"atm, bank, finance, point_of_interest, establishment",,2025-09-28 03:41:21
ChIJW6DVwE9a4joR3RF-1n-_rvI,HNB Wijerama (Hatton National Bank),"181 High Level Rd, Nugegoda, Sri Lanka",0112 825 180,,http://www.hnb.net/,2.6,21,"bank, finance, point_of_interest, establishment",,2025-09-28 03:41:21
ChIJX14AU2RQ4joRtzWAJlpmiLQ,Samson Rajarata Tiles (Pvt) Ltd,"DSI Complex, 251, High Level Road, Navinna,, Maharagama 10280, Sri Lanka",0114 815 423,,http://www.dsitiles.com/,3.1,15,"point_of_interest, establishment",,2025-09-28 03:41:21
ChIJEVnV1YBa4joRvZaF_6aPhkY,U N Trade Center (Pvt) Ltd,"238 Old Kottawa Rd, Maharagama 10280, Sri Lanka",076 442 2315,94764422315,,4.3,74,"hardware_store, store, point_of_interest, establishment",,2025-09-28 03:41:21
ChIJ6cVuImda4joRSpl_rK5JBqw,Singer - Delkanda,"380 High Level Rd, Delkanda 10250, Sri Lanka",0112 768 433,,http://www.singersl.com/,4.1,29,"electronics_store, point_of_interest, store, establishment",,2025-09-28 03:41:21
ChIJJ_1dPoZQ4joRet-TquX3GjQ,W.K.S. Sons & Enterprises,"33, 52 William Alwis Mawatha, Maharagama 10280, Sri Lanka",0112 851 965,,http://www.wks.biz.nf/,,,"food, point_of_interest, establishment",,2025-09-28 03:41:21
ChIJIQyIF2da4joR4huprh6Is1Q,Thunder & Neon Showroom - Nugegoda,"372 Avissawella Rd, Nugegoda 10250, Sri Lanka",0115 999 332,,http://www.thunder.lk/,4.3,3,"store, point_of_interest, establishment",,2025-09-28 03:41:21
ChIJCzo8boBa4joRSqgtKLA7r_w,Solutions Lanka Ltd,"Pathiragoda RD, VW48+JXV, Maharagama 10280, Sri Lanka",0115 235 923,,,,,"point_of_interest, establishment",,2025-09-28 03:41:21
ChIJc1LWOoda4joR19FDkmlDgws,Little Masters (Pvt) Ltd,"421 A4, Maharagama 10280, Sri Lanka",0112 803 160,,,3.7,42,"point_of_interest, store, establishment",,2025-09-28 03:41:21
ChIJ3wfjgWda4joRKAf1RW5dQz8,Sino Lanka Educations (Pvt) Ltd,"no 232, 1 Mirihana Rd, Nugegoda 10250, Sri Lanka",0112 810 308,,,3,3,"point_of_interest, establishment",,2025-09-28 03:41:21
ChIJwfY-uHta4joRlhqMmkRaFLI,Singer Budget Shop - Udahamulla,"390 U, 390 U පරණ කොට්ටාව පාර, නුගේගොඩ, Sri Lanka",0112 834 273,,http://www.singersl.com/,4.1,54,"electronics_store, point_of_interest, store, establishment",,2025-09-28 03:41:21
ChIJ22h-7WNa4joRHY7hak9QCKY,Breeze of Paradise (Pvt) Ltd,"35/8A Meegahawatta Rd, Nugegoda, Sri Lanka",077 772 5985,94777725985,http://www.breezeofparadise.com/contactus.php?nav=contact,4.6,129,"lodging, point_of_interest, establishment",,2025-09-28 03:41:21
ChIJ4Zy4nvJa4joRus8-BHWzReU,Lalix Hotel Colombo,"6/4 Dias Terrace, Raththanapitiya, Boralesgamuwa 10290, Sri Lanka",077 918 9193,94779189193,,4.4,45,"lodging, point_of_interest, establishment",,2025-09-28 03:41:21
ChIJBRbjqIJa4joRmfY1WUZjJeI,Aloka General Trading,"6/7, Benwinton Gardens, Suramya Mawatha, Wattegedara Rd, Maharagama 10280, Sri Lanka",077 311 4911,94773114911,http://www.alokageneraltrading.com/,5,27,"car_repair, point_of_interest, establishment",,2025-09-28 03:41:21
ChIJKVKLrXhQ4joRwZPNUZIfmN4,21st Century Interiors Private Limited,"#244/1, Wattegedara, Avissawella Rd, Maharagama 10280, Sri Lanka",077 731 4850,94777314850,,4,1,"point_of_interest, establishment",,2025-09-28 03:41:21
ChIJ6bRQFoZQ4joR5R9-Po6KQvM,Genuine T-shirt (Pvt) Ltd.,"28/A Jayanthi Mw, Pamunuwa Rd, Maharagama 10280, Sri Lanka",077 666 9246,94776669246,https://web.facebook.com/genuinetshirts,4.6,39,"clothing_store, point_of_interest, store, establishment",,2025-09-28 03:41:21
ChIJBcp8Xo5a4joRImNbJlfK_9I,Ceylon Keyman (Pvt) Ltd,"Room 11, No 115/1, GH Perera Avenue,, Raththanapitiya, Boralesgamuwa,, Colombo 10290, Sri Lanka",076 442 4123,94764424123,,4,2,"point_of_interest, establishment",,2025-09-28 03:41:21
ChIJ0eyRGnlQ4joRhRexxxEDsYI,Commercial Bank Maharagama Branch,"No 154 High Level Rd, Maharagama 10280, Sri Lanka",0112 844 914,,http://www.combank.lk/,3.4,103,"atm, bank, finance, point_of_interest, establishment",,2025-09-28 03:41:21
ChIJeY1vSY9a4joR7VmP4jBtlt8,Silent Hands Productions,"113/17A Soratha Mawatha, Gangodawila, Nugegoda 10250, Sri Lanka",071 731 3993,94717313993,http://www.silent-hands.com/,,,"point_of_interest, establishment",,2025-09-28 03:41:21
ChIJNaaQGGda4joRWFQfyv_lyVk,Union Assurance-Nugegoda,"376 High Level Rd, Nugegoda 10250, Sri Lanka",0112 815 511,,http://www.unionassurance.com/,3.4,12,"insurance_agency, point_of_interest, health, establishment",,2025-09-28 03:41:21
ChIJGR67I31a4joRcPnaJUdOeaw,Mahamevnawa Anagarika Asapuwa Nugegoda,"41, Sri Wijerama Ln, Nugegoda 10250, Sri Lanka",071 555 6666,94715556666,https://www.mahamegha.lk/,4.6,50,"book_store, place_of_worship, point_of_interest, store, establishment",,2025-09-28 03:41:21
ChIJuyYNCXlQ4joRj0enRDH17aY,IBA Campus (Pvt) Ltd,"RWXF+V6V, Avissawella Rd, Maharagama 10280, Sri Lanka",0114 976 976,,http://www.iba.lk/,3.8,13,"university, point_of_interest, establishment",,2025-09-28 03:41:21
ChIJBaQion9a4joRxPLn1oDcdg0,Tradparc,"44, 12 Jayagath Rd, Maharagama 10280, Sri Lanka",077 362 7092,94773627092,http://www.tradparc.com/,4.3,6,"store, point_of_interest, establishment",,2025-09-28 03:41:21
ChIJFbeWAYla4joRuR197qZP3xQ,ITRC (Information Technology Resource Centre) 2nd Floor,"FMSC Rd, Nugegoda 10250, Sri Lanka",0112 758 772,,http://itrc.sjp.ac.lk/,4,5,"university, point_of_interest, establishment",,2025-09-28 03:41:21
ChIJ61S43kFa4joRGKOpuIrNyzc,Digi Media Production (pvt) Ltd,"275/14 Colombo - Horana Rd, Boralesgamuwa 10290, Sri Lanka",077 317 2752,94773172752,,4.7,32,"store, point_of_interest, establishment",,2025-09-28 03:41:21
ChIJH6IjAH1Q4joRTYT6WRrRK9Y,CIB Curtains,"101, Pamunuwa Rd,, VW4G+8FH, 2nd Ln, Maharagama 10280, Sri Lanka",0112 840 186,,http://www.cibcurtains.com/,4,495,"general_contractor, home_goods_store, store, point_of_interest, establishment",,2025-09-28 03:41:21
ChIJk3QsSX1a4joRDO-HD30GZT8,Ichiro Motoring - HOTLINE,"DELKANDA, 567 High Level Rd, නුගේගොඩ 10250, Sri Lanka",0114 848 128,,https://www.samadema.lk/,3.6,94,"car_repair, store, point_of_interest, establishment",,2025-09-28 03:41:21
ChIJH56MJYxa4joRCAn1FfsdOb0,ITSL Information Tecnology Service Onlin,"Nugegoda Delkanda Apartment, No 13 , 1st Lane , Old Kesbewa Road , Delkanda, Boralesgamuwa, Sri Lanka",071 442 4775,94714424775,http://www.itsrilanka.com/,,,"electronics_store, store, point_of_interest, establishment",,2025-09-28 03:41:21
ChIJ22L9enBa4joRptj3_Grq-VI,moon world celluler center,"B530, Nugegoda 10280, Sri Lanka",0114 582 394,,,,,"store, restaurant, food, point_of_interest, establishment",,2025-09-28 03:41:21
ChIJM2W8CnlQ4joRIA7vUZYb_0c,Rocell - Maharagama Showroom,"Elhena Rd, Maharagama 10280, Sri Lanka",0114 319 514,,https://rocell.com/en,4.1,54,"general_contractor, home_goods_store, store, point_of_interest, establishment",,2025-09-28 03:41:21
ChIJYTNszoBa4joRCuQjCXOhyX0,Sahitha Poth Piyasa,"717 පී ද එස් කුලරත්න මාවත, Colombo 01000, Sri Lanka",0115 245 477,,http://sahitha-poth-piyasa.weebly.com/,4.7,7,"book_store, store, point_of_interest, establishment",,2025-09-28 03:41:21
ChIJR0-Osn1a4joR5vDWKROPtig,Super Shine Gems,"62 Wijerama Road, Nugegoda 10250, Sri Lanka",077 354 4761,94773544761,http://www.supershinegems.com/,4.3,7,"jewelry_store, store, point_of_interest, establishment",,2025-09-28 03:41:21
ChIJUW4XOn5a4joR1ksXSCMV3Z8,Crave 171,"171, Old Kottawa Rd, Maharagama 10280, Sri Lanka",0112 844 848,,http://www.171restaurant.com/,4.3,2650,"bakery, cafe, food, store, point_of_interest, establishment",2,2025-09-28 03:41:21
ChIJeRQDnHta4joRBBKagI5_L9Y,Vorandana,"Nugegoda, Sri Lanka",071 830 6341,94718306341,,4.7,6,"store, point_of_interest, establishment",,2025-09-28 03:41:21
ChIJkTBAcoda4joR10JljqTBgvE,Jayasiri Enterprises (Pvt) Ltd,"No 520 High Level Rd, Maharagama 10250, Sri Lanka",0112 801 216,,,4.2,50,"hardware_store, store, point_of_interest, establishment",,2025-09-28 03:41:21
ChIJ2QqlbYda4joR3_b9oVTM8vU,Arpico Tyre Centre - Navinna,"512 හයිලෙවල් පාර, Maharagama 10280, Sri Lanka",0112 802 420,,,4.1,37,"store, point_of_interest, car_repair, establishment",,2025-09-28 03:41:21
ChIJN81znoda4joRltJ76toxvKE,Hybrid Lanka Auto Parts (Pvt) Ltd,"475 Avissawella Rd, Nugegoda, Sri Lanka",077 772 6701,94777726701,https://www.facebook.com/HybridLankaAutoParts/,4.3,28,"store, point_of_interest, car_repair, establishment",,2025-09-28 03:41:21
ChIJzyKZm4da4joRNKENARrWuOI,Gunawardana Cushion House (Pvt) Ltd,"No: 485 High Level Rd, Nugegoda 10250, Sri Lanka",0112 802 045,,,4.1,120,"furniture_store, home_goods_store, store, point_of_interest, establishment",,2025-09-28 03:41:21
ChIJ5XJ5m4da4joR6P8Bqty7okA,New Tharusha Cushion & Accessories,"#489, High Level Road, Gangodawila, Wijerama, Nugegoda, Sri Lanka",077 728 4388,94777284388,,2,1,"furniture_store, home_goods_store, store, point_of_interest, establishment",,2025-09-28 03:41:21
ChIJW0zjXyta4joRb0Dzr9dMZvw,Changami Korean Supplies Pvt Ltd,"06 Wijerama Mawatha, Nugegoda 10250, Sri Lanka",077 543 2399,94775432399,,3.5,24,"store, grocery_or_supermarket, food, point_of_interest, establishment",,2025-09-28 03:41:21
ChIJY2VvxGZa4joRVLtnpEGAlLU,Sage Studioz,"51/D Jaya Rd, Nugegoda 10280, Sri Lanka",077 767 0630,94777670630,,4.9,119,"store, point_of_interest, establishment",,2025-09-28 03:41:21
ChIJ2XOIv39a4joRykM8yf-3uas,Monster Fish Enthusiast,"VW59+F3F, Maharagama 10280, Sri Lanka",076 688 6442,94766886442,https://m.facebook.com/MonsterFishEnthusiasts/,4.6,77,"pet_store, store, point_of_interest, establishment",,2025-09-28 03:41:21
ChIJi1NfjYBa4joRa18soDPpmrs,Solar Liberation (Pvt) Ltd,"22/26, Railway Ave, Maharagama 10280, Sri Lanka",076 628 8880,94766288880,,1,1,"electronics_store, store, point_of_interest, establishment",,2025-09-28 03:41:21
ChIJI0zDTH1a4joRqdsC5wdtZlM,Api Singhe Motors (Pvt) Ltd,"No 640 A, Wijerama, Gangodawila, Nugegoda, Sri Lanka",077 711 1092,94777111092,,3.5,42,"store, point_of_interest, car_repair, establishment",,2025-09-28 03:41:21
ChIJbae0U4da4joRrh-CPyBJ7SQ,Maruichi (Pvt) Ltd,"669 Avissawella Rd, Nugegoda, Sri Lanka",0117 397 000,,http://www.maruichiauto.com/,3.6,60,"store, point_of_interest, car_repair, establishment",,2025-09-28 03:41:21
ChIJm0vOUmNa4joRLLzTxwSpk9g,Neon 2000 Pte. Ltd.,"86 Udahamulla Station Rd, Nugegoda, Sri Lanka",077 748 9200,94777489200,https://neon2000.net/,4.8,5,"store, point_of_interest, establishment",,2025-09-28 03:41:21
ChIJrfntZGNa4joR3odqCpW_vUI,Siyathra Advertising Services (Pvt) Ltd.,"143 Udahamulla Station Rd, Nugegoda 10250, Sri Lanka",071 850 8050,94718508050,,3,2,"store, point_of_interest, establishment",,2025-09-28 03:41:21
ChIJBemp3WJa4joR0KzXcCNg5WE,Supreme Motor House,"612 High Level Rd, Nugegoda 10250, Sri Lanka",0114 337 362,,https://www.facebook.com/SupremeMotorHouse/,3.9,855,"store, point_of_interest, car_repair, establishment",,2025-09-28 03:41:21
ChIJqZAFIGNa4joRxtkkGeua9ec,Chaminda Cushion Works (Pvt) Ltd,"Chaminda Cushion Works Pvt Ltd, 635 High Level Rd, නුගේගොඩ, Sri Lanka",071 990 3922,94719903922,https://www.facebook.com/chamindacushion/,4.6,12,"car_dealer, store, point_of_interest, establishment",,2025-09-28 03:41:21
ChIJVzYAOoFa4joR0NqExu8lHGk,Toyota Lanka Maharagama,"No: 391/10 High Level Rd, Maharagama 10280, Sri Lanka",0112 804 845,,http://www.toyota.lk/,4.4,1145,"car_repair, point_of_interest, car_dealer, store, establishment",,2025-09-28 03:41:21
ChIJ3R4oQYBa4joRm24iM-PrVT0,Isivara Osu - Ayurvedic Pharmacy - Navinna,"VW49+73W, Maharagama 10280, Sri Lanka",0112 843 098,,,4.4,5,"pharmacy, health, point_of_interest, store, establishment",,2025-09-28 03:41:21
ChIJjf__P4Fa4joRE6lh4buXjZ8,JustBookSalon,"No 89, Old Kottawa Road, Navinna, Maharagama 10280, Sri Lanka",0112 160 050,,,5,3,"point_of_interest, store, establishment",,2025-09-28 03:41:21
ChIJhW-eTIta4joRR4pCcdJMKWk,Flexport Factory,"Old Kesbewa Rd, Boralesgamuwa 10250, Sri Lanka",0115 555 556,,http://www.flexport.lk/,4.3,27,"point_of_interest, store, establishment",,2025-09-28 03:41:21
ChIJq6pqZF1a4joROsd778EAqHc,Chair Repair in Srilanka,"62 Udahamulla Station Rd, Nugegoda, Sri Lanka",071 711 2114,94717112114,http://www.officeneed.webs.com/,1,2,"food, point_of_interest, store, establishment",,2025-09-28 03:41:21
ChIJey7FZGNa4joROyEB4d6YVpQ,Mohara Jewels,"Mohara Jewels #143 Udahamulla Station Road, Nugegoda 10250, Sri Lanka",072 730 0777,94727300777,,5,1,"jewelry_store, point_of_interest, store, establishment",,2025-09-28 03:41:21
ChIJQdkb84Fa4joR8pEsHx3ktG0,Arpico Furniture - Maharagama,"No.310 High Level Rd, Maharagama 10115, Sri Lanka",0114 310 370,,http://www.arpicofurniture.com/,4.2,1745,"furniture_store, shopping_mall, home_goods_store, point_of_interest, store, establishment",,2025-09-28 03:41:21
ChIJ-bExilpa4joRipOpy5IVdwI,Search Advanced Technology,"35A 1, 1 Sri Soratha Mawatha, Nugegoda 68000, Sri Lanka",0112 890 577,,http://www.searchadtech.com/,4.7,16,"electronics_store, point_of_interest, store, establishment",,2025-09-28 03:41:21
ChIJizZJc4JQ4joRo8tI6fLHCKo,Deviitor,"46B Kumbukgaha Pokuna Rd, Nugegoda 10250, Sri Lanka",077 070 7945,94770707945,https://deviitor.com/,3.9,16,"point_of_interest, store, establishment",,2025-09-28 03:41:21
ChIJ3wO7zoFa4joRRuuIllB2y-c,A & B Graphics (Pvt) Ltd,"No. 65, Old Road Nawinna, Maharagama,Sri Lanka., Old Kottawa Rd, Maharagama 10280, Sri Lanka",0112 840 800,,,4.7,3,"point_of_interest, store, establishment",,2025-09-28 03:41:21
ChIJ-UcsxV5X4joRNTFiFAp-Yi8,Heritage Lanka Apparel (PVT) Ltd. | T Shirt Printing | Custom T Shirt,"105/1/1, Pathiragoda Road, Pamunuwa Rd, Maharagama 10280, Sri Lanka",077 375 0883,94773750883,https://www.facebook.com/heritagelankaapparel/,4.9,53,"clothing_store, point_of_interest, store, establishment",,2025-09-28 03:41:21
ChIJPWoxsBFZ4joRnW8ZrI1mR5Y,Hatho Lanka Auto Parts (PVT)Ltd,"Delkanda, 553 High Level Rd, Nugegoda, Sri Lanka",077 753 4103,94777534103,,4.8,25,"car_repair, point_of_interest, store, establishment",,2025-09-28 03:41:21
ChIJhYIEg2Na4joRsi-GhEuhUt0,NEO Graphics,"44 Udahamulla Station Rd, Nugegoda 10250, Sri Lanka",076 322 0250,94763220250,http://neo.lk/,4.2,93,"point_of_interest, store, establishment",,2025-09-28 03:41:21
ChIJn6KDTmZa4joRIOQOSV0l-Vc,Blue Ocean Aqua (pvt) Ltd.,"Pangiriwatta Rd, Nugegoda, Sri Lanka",076 862 7667,94768627667,https://blueoceanaqua.com/,4.4,59,"aquarium, pet_store, point_of_interest, store, establishment",,2025-09-28 03:41:21
ChIJXWIRukRa4joRp8wu9uWQEu0,Magic Light,"15 1st Lane, Wanatha Rd, Nugegoda 10250, Sri Lanka",077 474 7096,94774747096,,3,451,"electronics_store, home_goods_store, point_of_interest, store, establishment",,2025-09-28 03:41:21
ChIJG7uldHBa4joRxt3bvAX9Mhc,Redex,"VW95+6RC, Old Kottawa Rd, Nugegoda 10250, Sri Lanka",,,https://www.facebook.com/profile.php?id=100006929081681&fref=ts,4.5,2,"clothing_store, point_of_interest, store, establishment",,2025-09-28 03:41:21
ChIJs2t6xGZa4joRPfG1CFVSdLg,Kethaka Cushion House (Pvt) Ltd,"VW63+HQW, Colombo - Batticaloa Hwy, Nugegoda, Sri Lanka",0115 920 508,,https://m.facebook.com/pg/ketakacushion,4.5,2,"store, car_repair, point_of_interest, establishment",,2025-09-28 03:41:21
ChIJQcSJuF1a4joRtR46UWC2af0,Flexport Innovations,"127 Jambugasmulla Mawatha, Nugegoda 10250, Sri Lanka",0115 555 556,,https://flexport.lk/,4.1,35,"point_of_interest, store, establishment",,2025-09-28 03:41:21
ChIJRzkQX4ha4joRMTZNnhrc49Q,Cybergate Services (Pvt) Ltd,"61 Sri Soratha Mawatha, Nugegoda 10250, Sri Lanka",075 378 3783,94753783783,http://www.cybergate.lk/,4.6,105,"point_of_interest, store, establishment",,2025-09-28 03:41:21
ChIJyzjHGnBa4joRkpWU_INa4mk,Nithijaya Saree (pvt) Ltd,"260A Old Kottawa Rd, Nugegoda 10250, Sri Lanka",077 307 3831,94773073831,http://www.nithijayasaree.com/,4.4,423,"clothing_store, point_of_interest, store, establishment",,2025-09-28 03:41:21
ChIJn6HCWIta4joRHQkqvrax-aw,The Vegan Kitchen By Sulo,"Old Kasbawa rd. Raththanapitiya, Boralesgamuwa, Sri Lanka",077 352 6201,94773526201,https://facebook.com/TVKBySulo,4.5,37,"restaurant, food, point_of_interest, establishment",,2025-09-28 03:41:21
ChIJvaOMM5xa4joRFzSWEqXd30M,Nelum Kole - Maharagama,"739 Katuwawala Road, Maharagama 10280, Sri Lanka",0112 518 020,,https://m.facebook.com/nelumkole/,4.3,2166,"restaurant, food, point_of_interest, establishment",2,2025-09-28 03:41:21
ChIJDUb2n3BQ4joRmdEmHpY-EfA,Sinthao Chinese Restaurant,"The City Plaza Shopping Complex, 5/8 B94, මහරගම 10280, Sri Lanka",0114 000 794,,,3.9,107,"restaurant, food, point_of_interest, establishment",2,2025-09-28 03:41:21
ChIJwS45o2ta4joRffKuKZwDcOU,P&S (Perera & Sons) - Jubilee Post,"Jubilee Post Roundabout, Nugegoda, Sri Lanka",0114 321 698,,https://www.pereraandsons.com/,3.9,71,"bakery, restaurant, food, store, point_of_interest, establishment",2,2025-09-28 03:41:21
ChIJLQQOfpJa4joREhbymKgEphM,Pizza Hut - Boralesgamuwa,"102 Colombo - Horana Rd, Boralesgamuwa, Sri Lanka",0112 729 729,,https://www.pizzahut.lk/,4.3,2062,"restaurant, food, point_of_interest, establishment",2,2025-09-28 03:41:21
ChIJ_4qscmda4joRiGAJMr22SrY,Home Cooking Fast Foods,"293 High Level Rd, Nugegoda, Sri Lanka",077 306 3868,94773063868,,4.4,707,"restaurant, food, point_of_interest, establishment",2,2025-09-28 03:41:21
ChIJBajAtFha4joRFHucVPVgaNs,RAW Organic Handcrafted Juices,"382/9 NAS Silva Mawatha, Boralesgamuwa 10290, Sri Lanka",077 771 0229,94777710229,http://www.rawsrilanka.com/,4.7,35,"restaurant, food, point_of_interest, establishment",,2025-09-28 03:41:21
ChIJvxDi_5ha4joR7WKjP1yb49Q,Rent A Car,"693 Sevana,Grama Sanwardhana Mw, Ambillawatta Rd, Boralesgamuwa 10290, Sri Lanka",077 063 6039,94770636039,,2.7,221,"plumber, electrician, car_rental, restaurant, food, point_of_interest, establishment",,2025-09-28 03:41:21
ChIJXT9IPAxa4joRftdE5un5kGo,Pizza Hut Pitakotte,"241 Pitakotte - Talawatugoda Rd, Sri Jayawardenepura Kotte 10100, Sri Lanka",071 751 6303,94717516303,,5,1,"restaurant, food, point_of_interest, establishment",,2025-09-28 03:41:21
ChIJY6m7129Q4joRcTnzg3_cofk,Jade Restaurant - Maharagama,"No.129 Avissawella Rd, Maharagama 10280, Sri Lanka",0112 845 124,,http://jade.lk/,4.1,331,"restaurant, food, point_of_interest, establishment",2,2025-09-28 03:41:21
ChIJK2ok129Q4joRXzftlgQcBjw,Pizza Hut - Maharagama,"133 Avissawella Rd, Maharagama 10280, Sri Lanka",0112 729 729,,https://www.pizzahut.lk/,4.4,1617,"meal_takeaway, meal_delivery, restaurant, food, point_of_interest, establishment",2,2025-09-28 03:41:21
ChIJMcbc1W9Q4joRN_aVT1uWWVs,Domino's Pizza - Maharagama,"134/A/1 Avissawella Rd, Maharagama 10280, Sri Lanka",0117 777 888,,,4,1084,"meal_takeaway, meal_delivery, restaurant, food, point_of_interest, establishment",2,2025-09-28 03:41:21
ChIJe5F1sW9Q4joR_UVj1x9urHs,Red Balloon Family Restaurant Express - Maharagama,"No. 175 High Level Rd, Maharagama 10280, Sri Lanka",0112 160 418,,https://www.facebook.com/RedballoonRestaurant/,4.1,672,"restaurant, food, point_of_interest, establishment",2,2025-09-28 03:41:21
ChIJ9RJ5YW5Q4joRej_LQfaVIe4,Hostel Dining Hall (NIE),"1st Floor, Building No. 11, National Institute of Education, P.O. Box 21, Highlevel Road, Building No 11, Maharagama 10280, Sri Lanka",0117 601 639,,https://www.nie.ac.lk/,5,1,"restaurant, food, point_of_interest, establishment",,2025-09-28 03:41:21
ChIJORS_fOxa4joRsARzPC9kQsY,Magic Mushroom,"Boralesgamuwa, Sri Lanka",071 134 6722,94711346722,https://www.facebook.com/MagicMushroom.LK/,5,1,"restaurant, food, point_of_interest, establishment",,2025-09-28 03:41:21
ChIJd8KYkURa4joRRCPaB6fVZjo,Pizza Hut - Nugegoda,"197 Avissawella Rd, Nugegoda, Sri Lanka",0112 729 729,,https://www.pizzahut.lk/,4.3,2910,"restaurant, meal_takeaway, meal_delivery, food, point_of_interest, establishment",2,2025-09-28 03:41:21
ChIJt9Py3S9b4joRV2JUzitgvz0,WOK HUB,"527c Old Kottawa Rd, Nugegoda 10250, Sri Lanka",,,,3,3,"restaurant, food, point_of_interest, establishment",,2025-09-28 03:41:21
ChIJPbyMCg1b4joRNfDRSAJXx1g,Rashmi food center,"541 Old Kottawa Rd, Nugegoda 10280, Sri Lanka",,,,,,"restaurant, food, point_of_interest, establishment",,2025-09-28 03:41:21
ChIJb9rVQoZb4joRr7fPZ1GwYpY,KottuStop,"523/A/4 Old Kottawa Rd, Nugegoda 10250, Sri Lanka",,,,3.9,35,"restaurant, food, point_of_interest, establishment",,2025-09-28 03:41:21
ChIJ_QMuoH5a4joRS4XcNUfqwsI,Mommy COOK,"Maharagama 10280, Sri Lanka",,,,,,"restaurant, food, point_of_interest, establishment",,2025-09-28 03:41:21
ChIJAyGIUPJb4joRm5dZ6kgmJm8,Savinra,"VW57+MMJ, Nugegoda 10280, Sri Lanka",0112 846 869,,,3,12,"restaurant, food, point_of_interest, establishment",,2025-09-28 03:41:21
ChIJdZau7KRb4joRQfFb-DPPBso,Dewumi Foods,"478 Old Kottawa Rd, Maharagama, Sri Lanka",075 281 7626,94752817626,,5,2,"restaurant, food, point_of_interest, establishment",,2025-09-28 03:41:21
ChIJ5QN4AO9b4joRYdCt--ekCV8,Sarungale Restaurant,"489 Old Kottawa Rd, Nugegoda 10250, Sri Lanka",070 673 3550,94706733550,,3.4,7,"restaurant, food, point_of_interest, establishment",,2025-09-28 03:41:21
ChIJq78njUdb4joRL9ve0iLPrDM,"සාධාරන ආප්ප, ඉදිආප්ප කඩේ","243 Udahamulla Station Rd, Nugegoda, Sri Lanka",,,,3,1,"meal_takeaway, restaurant, food, point_of_interest, establishment",,2025-09-28 03:41:21
ChIJp7T0Kx1b4joRcGtoXqmpT-0,Burger Kindom (The Food Station),"47 Wijerama Road, Nugegoda 10250, Sri Lanka",076 673 3751,94766733751,https://www.facebook.com/burgerkingdomfs?mibextid=ZbWKwL,,,"restaurant, food, point_of_interest, establishment",,2025-09-28 03:41:21
ChIJNUgYXQBb4joRHIMGN20GX5U,SR food s,"228 Old Road, Maharagama 10280, Sri Lanka",,,,,,"restaurant, food, point_of_interest, establishment",,2025-09-28 03:41:21
ChIJH6wZewBb4joRSyABu3remmI,The Heaven,"VW58+G44, Old Kottawa Rd, Nugegoda 10280, Sri Lanka",0114 966 464,,,5,2,"restaurant, food, point_of_interest, establishment",,2025-09-28 03:41:21
ChIJUz6TdvZb4joRtQFa6TLGhvk,Naanstop,"198 Old Kottawa Rd, Maharagama 10280, Sri Lanka",075 423 7236,94754237236,,3.6,11,"restaurant, food, point_of_interest, establishment",,2025-09-28 03:41:21
ChIJT-Rxx2Za4joRaDneLg8TeAo,Sun Shine Restaurant,"nawinna, Old Kottawa Rd, Maharagama 10280, Sri Lanka",075 180 9809,94751809809,,3.8,22,"restaurant, food, point_of_interest, establishment",,2025-09-28 03:41:21
ChIJlRkYJFhb4joROvQc_2blCok,planet of foodie SL,"No.76, Sri devananda road , nawinna, nugegoda, jayawardena pura, Sri Jayawardenepura Kotte 10100, Sri Lanka",077 890 5665,94778905665,,1,1,"restaurant, food, point_of_interest, establishment",,2025-09-28 03:41:21
ChIJAddzEwBb4joRAh1DZR3qAAs,Yummy Tummy,"87, 22 Suhada Mawatha, Nugegoda 10250, Sri Lanka",072 099 1770,94720991770,,5,1,"restaurant, food, point_of_interest, establishment",,2025-09-28 03:41:21
ChIJncJmN35a4joRNFpRA6ZhldY,Lounge 171,"171 Old Kottawa Rd, Maharagama 10280, Sri Lanka",0112 099 532,,http://lounge171.com/,4.4,3385,"cafe, restaurant, food, store, point_of_interest, establishment",2,2025-09-28 03:41:21
ChIJ55-MMM5b4joRb4DZ2VGpLLY,miss_chefz_kitchen,"37/5 Wata Mawatha, Maharagama 10280, Sri Lanka",070 531 0717,94705310717,,5,21,"restaurant, food, point_of_interest, establishment",,2025-09-28 03:41:21
ChIJ-WtKW_Vb4joR-NGho8czJ8Q,171 Restaurant,"171 Old Kottawa Rd, Maharagama 10280, Sri Lanka",0112 844 848,,,4.4,28,"restaurant, food, point_of_interest, establishment",,2025-09-28 03:41:21
ChIJ4a8MLQBb4joRR9b6bqEucQc,BLOOMS RESTAURANT,"197/1 Old Kottawa Rd, Maharagama 10280, Sri Lanka",,,,4,4,"restaurant, food, point_of_interest, establishment",,2025-09-28 03:41:21
ChIJd3uFbHhb4joR1zGJEs0Ash0,BJ KITCHEN,"VW58+5HF, Navinna Samagi Mawatha, Maharagama 10280, Sri Lanka",077 061 0288,94770610288,,5,1,"restaurant, food, point_of_interest, establishment",,2025-09-28 03:41:21
ChIJrenAfwBb4joRMqkW3rrg6aw,I,"18 2nd Ln, Nugegoda 10280, Sri Lanka",,,,,,"restaurant, food, point_of_interest, establishment",,2025-09-28 03:41:21
ChIJ7U3lIxZb4joRCaZxV_curLw,Street Burger,"488 High Level Rd, Maharagama 10280, Sri Lanka",0112 199 599,,https://www.streetburger.lk/,4.8,698,"restaurant, food, point_of_interest, establishment",,2025-09-28 03:41:21
ChIJEcSMdYda4joRjSyONoxBEpw,Nandana Food And Rest,"VW46+F93, Maharagama 10280, Sri Lanka",072 467 5675,94724675675,,3,2,"restaurant, food, point_of_interest, establishment",,2025-09-28 03:41:21
ChIJUfbtMRhb4joRLp3Bllt8HLs,Udahamulla Bus Depot Cafeteria,"VW77+85J Udahamulla Bus Depot, 437 Old Kottawa Rd, Nugegoda, Sri Lanka",0112 834 228,,,3.2,18,"restaurant, food, point_of_interest, establishment",,2025-09-28 03:41:21
ChIJK1A-zPtb4joRk9fCJDUTaBY,Premasiri Aiyage Kade,"VW47+635, Nugegoda 10280, Sri Lanka",,,,,,"restaurant, food, point_of_interest, establishment",,2025-09-28 03:41:21
ChIJ6TWp2TZb4joRWle-oN-wfAM,Chilli Point,"713/A, Wijerama Junction, Gangodawila, Nugegoda 10250, Sri Lanka",075 324 4951,94753244951,,4.4,7,"restaurant, food, point_of_interest, establishment",,2025-09-28 03:41:21
ChIJySDxmfxb4joR0dCLlQ2QIjs,Wijerama Roast Chicken,"VW55+2H2 Junction, Nugegoda, Sri Lanka",077 777 7159,94777777159,,2.3,6,"restaurant, food, point_of_interest, establishment",,2025-09-28 03:41:21
ChIJ8bktg5tb4joR9u3TO-CPfrU,A&A Roasted Chicken Hut Navinna,"Nawinna, High Level Rd, Maharagama 10280, Sri Lanka",077 950 2860,94779502860,,4.7,14,"restaurant, food, point_of_interest, establishment",,2025-09-28 03:41:21
ChIJ4YzqAwBb4joRVnZOLNfehgA,Mr. Kottu & Cafe (Coffee Shop),"141 Old Kottawa Rd, Maharagama 10280, Sri Lanka",,,,3.6,7,"restaurant, food, point_of_interest, establishment",,2025-09-28 03:41:21
ChIJNUGcoONb4joR-ibMJmYaV5g,F Day,"VW48+F87, Railway Ave, Maharagama 10280, Sri Lanka",,,,4.6,5,"restaurant, food, point_of_interest, establishment",,2025-09-28 03:41:21
ChIJh5dpD_hb4joRIi1n5hTn-w8,SUB QUICK,"707 High Level Rd, Nugegoda, Sri Lanka",075 775 7732,94757757732,,4.1,7,"restaurant, food, point_of_interest, establishment",,2025-09-28 03:41:21
ChIJKWZZ8Ypb4joRNeehABWQrnE,PILAWOOS HOTEL,"699 Avissawella Rd, Nugegoda, Sri Lanka",076 266 6253,94762666253,,2.4,117,"restaurant, food, point_of_interest, establishment",,2025-09-28 03:41:21
ChIJaQBICtJb4joR0kj8OuNd2yI,මාතර රතු කැකුලු බත් කඩේ,"705/B Avissawella Rd, Nugegoda, Sri Lanka",,,,5,3,"restaurant, food, point_of_interest, establishment",,2025-09-28 03:41:21
ChIJS3cnLoda4joRlXSa3ezB_hk,Bite House Family Restaurant,"Maharagama 10280, Sri Lanka",077 198 8449,94771988449,,4.3,3,"restaurant, food, point_of_interest, establishment",,2025-09-28 03:41:21
ChIJaUco0DZb4joRnP4z4It9CyU,Healthy Food Caterers,"No.249 Old Kottawa Rd, Nugegoda, Sri Lanka",077 728 1474,94777281474,,,,"restaurant, food, point_of_interest, establishment",,2025-09-28 03:41:21
ChIJ2aLn8_Bb4joRNI_RmzFFp-Q,Mr. Kottu Grand - Nawinna,"132 Old Kottawa Rd, Maharagama 10280, Sri Lanka",0112 837 035,,,3.3,16,"restaurant, food, point_of_interest, establishment",,2025-09-28 03:41:21
ChIJr85rceVb4joRI3RcT30unxo,Kochchi Buffet,"426 High Level Rd, Maharagama 10280, Sri Lanka",0112 803 083,,,3.2,13,"restaurant, food, point_of_interest, establishment",,2025-09-28 03:41:21
ChIJPxPGSwBb4joR49UceoP977A,Nishantha food,"32 Navinna Samagi Mawatha, Maharagama 10280, Sri Lanka",,,,,,"restaurant, food, point_of_interest, establishment",,2025-09-28 03:41:21
ChIJsWSOX2Na4joRCubJ2NnPLac,Sense 2 Solution,"VW64+XP3, Udahamulla Station Rd, Nugegoda, Sri Lanka",,,,3.5,2,"point_of_interest, establishment",,2025-09-28 03:41:21
ChIJozOY2CtZ4joRtDnaAkKXjEo,Colombo Business Center,"127 T. B. Jayah Mawatha, Colombo 01000, Sri Lanka",,,,5,4,"point_of_interest, establishment",,2025-09-28 03:41:21
ChIJIeglGzBZ4joRaJyA48N73Ek,LMN Business Solutions (Pvt) Ltd,"171/A Dr NM Perera Mawatha Rd, Colombo 00800, Sri Lanka",077 358 5763,94773585763,https://businesssolutionsgroup.lk/,4,13,"point_of_interest, establishment",,2025-09-28 03:41:21
ChIJ1aSwBWta4joRmxiCPrrGkoQ,BISTEC Global Services,"No: 14 Sir Baron Jayathilake Mawatha, Colombo 00100, Sri Lanka",074 064 5569,94740645569,https://www.bistecglobal.com/,4.6,28,"point_of_interest, establishment",,2025-09-28 03:41:21
ChIJy1sRhIlb4joRxugPgBzFF3k,Forsiter Global Services Pvt Ltd,"71a Castle St, Colombo, Sri Lanka",074 310 4840,94743104840,http://www.forsiter.com/,3.3,111,"point_of_interest, establishment",,2025-09-28 03:41:21
ChIJ9Z8vFGdZ4joR9MFSyQ9ENuk,Inotrend Int.,"347 R. A. De Mel Mawatha, Colombo 3 00300, Sri Lanka",077 221 2221,94772212221,https://inotrend.net/,4.9,54,"point_of_interest, establishment",,2025-09-28 03:41:21
ChIJH9L-ba5b4joRlgfvqPj2A5c,"360 Accountants-Company and Business Registration, Colombo","Unit No, Vish towers, 4/1 Muhandiram Ln, Dehiwala-Mount Lavinia 10350, Sri Lanka",075 643 1602,94756431602,https://360accountants.lk/,5,6,"point_of_interest, establishment",,2025-09-28 03:41:21
ChIJ4e0Cb0BZ4joR36ADRY-ojAY,The Ceylon Chamber of Commerce,"No. 50 Nawam Mawatha, Colombo 00200, Sri Lanka",0115 588 800,,http://www.chamber.lk/,4.3,263,"point_of_interest, establishment",,2025-09-28 03:41:21
ChIJKwh7sVRY4joRu2H8bEjSxhs,WNS Global Services,"First Floor, Orion City IT, Anton 1, 752/1 Dr Danister De Silva Mawatha, Colombo 00900, Sri Lanka",0114 695 602,,http://www.wns.com/,4.4,56,"point_of_interest, establishment",,2025-09-28 03:41:21
ChIJU_KluK5b4joR_xXn8ZIOkCk,Levant Business Experts (Pvt) Ltd,"No. 93, 1/1 Hampden Ln, Colombo 00600, Sri Lanka",074 108 1784,94741081784,http://www.levantbizexperts.com/,5,18,"point_of_interest, establishment",,2025-09-28 03:41:21
ChIJneMAeGNZ4joR4a76_yr1NdU,Synergy ISO Consultancy Services Private Limited,"181, 22 Hikkaduwe Sri Sumangala Himi Mawatha, Colombo 01000, Sri Lanka",071 574 6005,94715746005,http://www.isosynergy.lk/,5,79,"point_of_interest, establishment",,2025-09-28 03:41:21
ChIJE2y_qUFZ4joRopMPAP5GxbQ,The HR Consortium (Private) Ltd,"16, 3 Rotunda Gardens, Colombo 00300, Sri Lanka",0112 335 244,,http://www.thrconsortium.com/,4.5,38,"point_of_interest, establishment",,2025-09-28 03:41:21
ChIJl_y4Z5lZ4joRvKWDge_CVuM,Beyond Boundaries Global (Pvt) Ltd,"20, 63 Fairfield Gardens, Colombo 00800, Sri Lanka",071 066 2233,94710662233,https://www.bb.lk/,5,13,"point_of_interest, establishment",,2025-09-28 03:41:21
ChIJp6XeqBRZ4joRGBIO54NqoHg,Stax LLC,"278/4 , Access Towers II- 15th Floor, Union Place, Colombo 2, 00200, Sri Lanka",0117 462 700,,https://www.stax.com/,4.1,14,"point_of_interest, establishment",,2025-09-28 03:41:21
ChIJlTIW3OJZ4joRssVEKqZmxnU,Business Agility Tune up (Pvt) Ltd,"Sri, විපුලසේන මාවත, කොළඹ 01000, Sri Lanka",077 330 2085,94773302085,https://www.businessagilitytuneup.com/,5,81,"point_of_interest, establishment",,2025-09-28 03:41:21
ChIJSzNp8nZb4joRe7GnfkGNiRw,Breakthrough Business Intelligence,"24 Kassapa Rd, Colombo 00700, Sri Lanka",077 757 7755,94777577755,http://www.breakthrough.lk/,4.6,9,"point_of_interest, establishment",,2025-09-28 03:41:21
ChIJO6dN7mxZ4joRRe-LJRX7U3E,Deloitte Partners Sri Lanka,"100 Braybrooke Pl, Colombo 00200, Sri Lanka",0117 719 700,,https://www.deloitte.com/lk/en.html,4.6,261,"point_of_interest, establishment",,2025-09-28 03:41:21
ChIJb_vF6dhb4joRVKZAoFc8ynA,Smart Quest (Pvt) Ltd,"50, 12 Siripa Rd, Colombo 5, Sri Lanka",077 764 9888,94777649888,http://www.smartquestconsult.com/,4.5,43,"point_of_interest, establishment",,2025-09-28 03:41:21
ChIJgf4MoCZZ4joRWnMd10cZSLw,N-able Private Limited,"36 Sir Razik Fareed Mawatha, Colombo 00100, Sri Lanka",0114 625 000,,https://www.n-able.biz/,4.7,174,"point_of_interest, establishment",,2025-09-28 03:41:21
ChIJDauqGyVZ4joRJDVShdVL0PA,Sri Lanka Business,"146/F/6, Pearl Park Complex, Wattala 11300, Sri Lanka",0113 124 000,,http://www.srilankabusiness.lk/,5,1,"point_of_interest, establishment",,2025-09-28 03:41:21
ChIJxdKp-Qpb4joREvdWbcv7klk,Orion Traders,"VW66+QWV, Nugegoda 00500, Sri Lanka",077 726 1426,94777261426,,5,2,"grocery_or_supermarket, store, food, point_of_interest, establishment",,2025-09-28 03:41:21
ChIJ5wgoLcpb4joRRuVtyOUS3SQ,us_ME,"291, Maharagama 10280, Sri Lanka",071 564 4454,94715644454,,,,"store, point_of_interest, establishment",,2025-09-28 03:41:21
ChIJ_V-yBKJR4joRtDpL9RebRqU,"Pansilu Atapirikara ( Religious goods),Wickramasinghepura","Wickramasinghapura Rd, Ruhunupura, Sri Lanka",077 437 7864,94774377864,,3,1,"store, point_of_interest, establishment",,2025-09-28 03:41:21
ChIJAehYst9R4joR6Pa2WxeLFBE,DT Tech Shop,"VWHC+M3F, Road, Sri Jayawardenepura Kotte, Sri Lanka",,,,,,"electronics_store, store, point_of_interest, establishment",,2025-09-28 03:41:21
ChIJm6kBfwBb4joRHdome5BdY70,Jambugasmulla Stores,"37a Jambugasmulla Rd, Nugegoda, Sri Lanka",,,,5,1,"grocery_or_supermarket, store, food, point_of_interest, establishment",,2025-09-28 03:41:21
ChIJL2RUBtVR4joRuW6K0rPhnZA,Colombo Tattoo Hut Sri Lanka Flash Ink,"51/1/B Colombo Road, Maharagama 10280, Sri Lanka",077 033 3422,94770333422,https://www.instagram.com/colombotattoohutshopsrilanka?igsh=MThjOXllb2pnbnppMQ==,5,501,"school, store, point_of_interest, establishment",,2025-09-28 03:41:21
ChIJ64MGbG5b4joRK0QUilC8XCo,දොර රෙද්ද (Nipuna curtains ),"138/1/1 Kesbewa Rd, Boralesgamuwa 10290, Sri Lanka",070 441 1400,94704411400,,4,1,"home_goods_store, store, point_of_interest, establishment",,2025-09-28 03:41:21
ChIJBei7HSZb4joR0aC2qSf0CjA,Leather by Vertigo,"104/28, Nugegoda, Sri Lanka",077 151 3701,94771513701,,5,5,"store, point_of_interest, establishment",,2025-09-28 03:41:21
ChIJOWcflJFb4joRiC97BLP0x9w,Finezstore (Pvt) Ltd,"04 Dewala Rd, Nugegoda 10250, Sri Lanka",074 240 0510,94742400510,https://finezstore.com/,,,"book_store, store, point_of_interest, establishment",,2025-09-28 03:41:21
ChIJ3a1YPX9b4joRQoG2Nvh7aEQ,Nisansala Atapirikara,"9/31 6th Lane, Pagoda Rd, Nugegoda 10250, Sri Lanka",077 843 7764,94778437764,,4,7,"store, point_of_interest, establishment",,2025-09-28 03:41:21
ChIJ0fZywE1b4joRatN0lolEfg4,Best Curd & Jaggery Shop,"352 Kotte Rd, Sri Jayawardenepura Kotte 10100, Sri Lanka",,,,5,1,"store, food, point_of_interest, establishment",,2025-09-28 03:41:21
ChIJV5XlpkpR4joR8eSJmT2miKo,Dhanu Cosmetics,"8 Pamunuwa Rd, Maharagama 10230, Sri Lanka",,,,5,1,"store, point_of_interest, establishment",,2025-09-28 03:41:21
ChIJe53SQI5R4joRcwVuK4S1Am0,Knight Gear,"Temple Rd, Maharagama 10280, Sri Lanka",071 838 2686,94718382686,,5,1,"clothing_store, store, point_of_interest, establishment",,2025-09-28 03:41:21
ChIJpZCAgSBb4joRyvqhkkoTNOQ,MODERN MINIMALIST,"Dehiwala-Mount Colombo, Dehiwala-Mount Lavinia 10350, Sri Lanka",077 628 8986,94776288986,,5,5,"clothing_store, store, point_of_interest, establishment",,2025-09-28 03:41:21
ChIJyei2UpVb4joRPMRbvZKeblA,La Calle Cosmetics,"High Level Rd, Nugegoda, Sri Lanka",,,,,,"store, point_of_interest, establishment",,2025-09-28 03:41:21
ChIJW0red4JR4joROYx7bwcj2cQ,මනාරී සාරී,"227/1/1 Borella - Rajagiriya Rd, Pannipitiya 10230, Sri Lanka",071 627 7905,94716277905,,,,"clothing_store, store, point_of_interest, establishment",,2025-09-28 03:41:21
ChIJuRQxc7db4joR9PwQ-XUubio,OL Stationary Shop,"Nawala, Colombo 11222, Sri Lanka",071 796 7308,94717967308,,,,"book_store, store, point_of_interest, establishment",,2025-09-28 03:41:21
ChIJG_8-9SRZ4joRnptaVKEVYDA,Graze Kitchen,"Lobby Level, 2 Sir Chittampalam A Gardiner Mawatha, Colombo 00200, Sri Lanka",0112 492 492,,https://www.hiltoncolombo1.com/restaurant/graze-kitchen,4.6,3394,"restaurant, food, point_of_interest, establishment",3,2025-09-28 03:41:21
ChIJ9WNl2rJZ4joRHMJkjXkhyac,SunsetBlu,"Lotus Rd, Colombo 00100, Sri Lanka",0112 492 492,,,4.6,1075,"restaurant, food, point_of_interest, establishment",,2025-09-28 03:41:21
ChIJMSKlWLVb4joR_UFJf54d3x4,Culture Colombo,"25 Kensington Garden, Colombo 00400, Sri Lanka",077 442 2448,94774422448,https://culturecolombo.lk/,4.5,1979,"restaurant, food, point_of_interest, establishment",2,2025-09-28 03:41:21
ChIJCbyzLGBZ4joRdPY4QTkZdGc,The Gallery Café,"2 Alfred House Rd, Colombo 00300, Sri Lanka",0112 582 162,,https://www.paradiseroad.lk/,4.4,2873,"restaurant, food, point_of_interest, establishment",3,2025-09-28 03:41:21
ChIJq_Y8W2dZ4joRLSYEIiK9VZ0,The Sizzle Colombo,"32 Walukarama Rd, Colombo 00300, Sri Lanka",075 688 8777,94756888777,http://www.thesizzle.lk/,4.2,2650,"restaurant, food, point_of_interest, establishment",3,2025-09-28 03:41:21
ChIJb0sTPqpb4joRFJgn6RXBT9k,Monsoon Colombo,"50 Park St, Colombo 00200, Sri Lanka",076 306 7882,94763067882,http://www.monsooncolombo.com/,4.2,1117,"restaurant, food, point_of_interest, establishment",3,2025-09-28 03:41:21
ChIJ0elsw_tZ4joRa2fnG_2CJzs,Indian Ocean Pavilion,"ITC Ratnadipa, a Luxury Collection Hotel, Colombo, 21 Galle Face Center Rd, Colombo 00100, Sri Lanka",0114 999 111,,https://www.itchotels.com/in/en,4.6,325,"restaurant, food, point_of_interest, establishment",,2025-09-28 03:41:21
ChIJS-KwP5tZ4joRARTc8nXz0lo,Headquarters by W15,"9th floor, HQ Colombo, 464 T. B. Jayah Mawatha, Colombo 01000, Sri Lanka",077 945 7660,94779457660,https://headquarters.w15.lk/,4.5,1349,"restaurant, bar, food, point_of_interest, establishment",,2025-09-28 03:41:21
ChIJB5a-hF1Z4joRCPgj2vPUn4A,The Lagoon,"77 A2, Colombo 00300, Sri Lanka",0112 497 371,,http://www.cinnamonhotels.com/cinnamongrandcolombo/dining/lagoon.html,4.4,2133,"restaurant, food, point_of_interest, establishment",3,2025-09-28 03:41:21
ChIJnftDSFpZ4joR_dGcgDidaRM,The Warehouse Colombo,"279 Vauxhall St, Colombo 00200, Sri Lanka",0112 341 342,,https://www.thewarehouse10.com/,4.3,460,"restaurant, food, point_of_interest, establishment",2,2025-09-28 03:41:21
ChIJzYLatSVZ4joRPyjlgtZcnos,Ministry of Crab,"Old Dutch Hospital Complex, 04 Hospital St, Colombo 00100, Sri Lanka",077 002 4823,94770024823,http://www.ministryofcrab.com/,4.4,4932,"restaurant, food, point_of_interest, establishment",4,2025-09-28 03:41:21
ChIJRWMkS51Z4joRJ1Fg3oebW08,The Bayleaf,"79 R.G. Senanayake Mawatha, Colombo 00700, Sri Lanka",0112 695 920,,http://www.bayleafcolombo.com/,4.4,2400,"meal_delivery, meal_takeaway, bar, restaurant, food, point_of_interest, establishment",3,2025-09-28 03:41:21
ChIJmaQrW3ZZ4joRorGVvcDlIb8,The Barnesbury,"91 Barnes Pl, Colombo 00700, Sri Lanka",0112 682 144,,https://thebarnesbury.com/,4.3,2735,"restaurant, night_club, cafe, bar, food, point_of_interest, establishment",3,2025-09-28 03:41:21
ChIJaWB8tjBZ4joR-LBewBqxg6E,Cuisine Colombo - Gregory's Road,"51 R.G. Senanayake Mawatha, Colombo 00700, Sri Lanka",070 700 7777,94707007777,http://www.cuisinecolombo.lk/,4.7,834,"restaurant, food, point_of_interest, establishment",,2025-09-28 03:41:21
ChIJ2QFwuXFZ4joR1c0uu0V79mI,Upali's by Nawaloka,"65 Dr CWW Kannangara Mawatha, Colombo 00700, Sri Lanka",0112 695 812,,http://www.upalis.com/,4.2,4623,"restaurant, food, point_of_interest, establishment",2,2025-09-28 03:41:21
ChIJmfOZSgBZ4joRTwy9_mqlinE,Quizine,"WRGX+83H, Colombo, Sri Lanka",0112 110 000,,https://www.cinnamonhotels.com/cinnamon-life-city-of-dreams-sri-lanka/dining/dining-quizine,4.4,310,"restaurant, food, point_of_interest, establishment",,2025-09-28 03:41:21
ChIJF1xj_rJZ4joRd7RMF-hJVIY,Firebeach,"No. 02 Galle - Colombo Rd, Colombo 00300, Sri Lanka",0112 541 010,,http://www.firebeachclub.com/,4.1,861,"bar, restaurant, food, point_of_interest, establishment",,2025-09-28 03:41:21
ChIJt-EYSj9Z4joRCj14oyP0-VY,The Bavarian German Restaurant and pub,"11 Galle Face Terrace, Colombo 00300, Sri Lanka",0112 421 577,,,4.4,2139,"restaurant, food, point_of_interest, establishment",3,2025-09-28 03:41:21
ChIJiUp0UvRZ4joRe1IrkhIs9Nk,Tilapiya Colombo | Best BYOB Restaurant,"11B, MS 4 Mini Stand, Phillip Gunewardana Mawatha, Race Course Ave, Colombo 00700, Sri Lanka",077 949 4394,94779494394,http://www.tilapiyacolombo.lk/,4.6,1220,"restaurant, night_club, bar, food, point_of_interest, establishment",,2025-09-28 03:41:21
ChIJ5-afUctZ4joReiSzxokC5rI,Virticle by Jetwing,"Access Towers, 278 Union Pl, Colombo 01000, Sri Lanka",070 735 5355,94707355355,https://www.virticlebyjetwing.com/,4.6,808,"restaurant, food, point_of_interest, establishment",,2025-09-28 03:41:21
ChIJq6qq9Q1Z4joRlgTP3VR4CCE,SocialService,"Samapura Flats, Colombo 01000, Sri Lanka",077 238 1981,94772381981,,4.1,8,"point_of_interest, establishment",,2025-09-28 03:41:21
ChIJt-bYXS3waakRLx8v5X7OkdA,Hublync Print Lab | 3D Printing Services In Sri Lanka,"39a Bhathiya Mawatha, Dehiwala-Mount Lavinia 10350, Sri Lanka",077 161 2286,94771612286,https://forms.gle/vHymfDmsGMYKU4zf9,4.9,23,"electronics_store, store, point_of_interest, establishment",,2025-09-28 03:41:21
ChIJj2KrUNNb4joRvVLy_R8tcvY,Population Services Lanka,"17, 13 Jasmine Park, Sri Jayawardenepura Kotte 00500, Sri Lanka",0112 806 730,,http://www.populationservices.org/,4.1,13,"point_of_interest, establishment",,2025-09-28 03:41:21
ChIJNxY_Vj1R4joRFy7wx_AuU1c,Valuation Services Sri Lanka,"No:215/A High Level Rd, Nugegoda 10250, Sri Lanka",077 795 6697,94777956697,,5,5,"finance, point_of_interest, establishment",,2025-09-28 03:41:21
ChIJDSGcib1Z4joR7U-LmHi1OAY,Sri Lanka Telecom (Services) Limited walikada,"No. 148, 15 Lesley Ranagala Mawatha, Colombo 00800, Sri Lanka",0112 818 660,,http://www.slts.lk/,4.2,23,"point_of_interest, establishment",,2025-09-28 03:41:21
ChIJAf4foAVR4joRQ5TZxWlIE2k,Modern Plast - Plastic Injection Moulding Service in Colombo Sri Lanka,"74 Perera Mawatha, Battaramulla 10120, Sri Lanka",077 266 3928,94772663928,,4,2,"point_of_interest, establishment",,2025-09-28 03:41:21
ChIJbXl8EWta4joRUTi7nipnDsM,Sitrek Lanka Courier Services (pvt) Ltd,"295/B Jubilee Post Roundabout, Nugegoda 10100, Sri Lanka",0112 820 067,,,3.3,148,"point_of_interest, establishment",,2025-09-28 03:41:21
ChIJYUe2AwBb4joROyEBAzbFLCg,Royal Realty Services Pvt Ltd,"124 Thalawathugoda Road, Sri Jayawardenepura Kotte 10100, Sri Lanka",077 770 4060,94777704060,http://www.royalrealty.lk/,5,8,"point_of_interest, establishment",,2025-09-28 03:41:21
ChIJ_dvPwJpb4joR4bykaLbLpLE,Colombo Cleaning Service (C.C.S),"Kohuwala Dutugemunu Sri sumithradevi road Odel building 6th floor, Colombo 10250, Sri Lanka",076 020 2423,94760202423,https://colombo12cleanings.wixsite.com/colombocleaningser-3,4.2,96,"laundry, point_of_interest, establishment",,2025-09-28 03:41:21
ChIJk1cI7WNa4joRD3NXzQYVfhc,Bizservices.LK Private Limited,"Delkanda, No.3A Meegahawatta Rd, Nugegoda 10250, Sri Lanka",077 740 0004,94777400004,http://www.bizservices.lk/,4.5,10,"point_of_interest, establishment",,2025-09-28 03:41:21
ChIJP3rFwa1b4joRDJmLYXVa4Cg,Britannia Cleaning Services Lanka (PVT) Limited.,"3/40, Jayamangala Road, Stanley Thilakarthna Mawatha, Nugegoda 10250, Sri Lanka",0112 810 477,,,5,8,"point_of_interest, establishment",,2025-09-28 03:41:21
ChIJw46eO1Nb4joRagdpGJCQkd4,Ceylon Golden Care | Home Nursing Care,"Home Nursing Care, No. 63 1 C Mirihana Rd, Nugegoda 10250, Sri Lanka",077 791 6521,94777916521,,4.6,53,"health, point_of_interest, establishment",,2025-09-28 03:41:21
ChIJSRvDNF1Z4joRg-Vb_jYlL7Y,Immigration Services Centre (ISC) - Private Limited,"Level 4, Majestic City, 10 Station Rd, Colombo 00400, Sri Lanka",072 759 1591,94727591591,http://www.immigrationlanka.com/,4.8,187,"travel_agency, point_of_interest, establishment",,2025-09-28 03:41:21
ChIJA8JW4f5Z4joRy60af_DEBTs,Ministry of Social Services,"WW38+25J, Battaramulla, Sri Lanka",,,,2.5,4,"local_government_office, point_of_interest, establishment",,2025-09-28 03:41:21
ChIJLxfiPsNb4joRup2zVHWvX0w,Sri Lanka Visa Services,"10 Jaya Rd, Colombo, Sri Lanka",0117 390 510,,http://www.lankavisa.lk/,5,1,"local_government_office, point_of_interest, establishment",,2025-09-28 03:41:21
ChIJ06X9IQBb4joRxHPhWkIkIa4,Cool Lanka Engineering Services,"RWX2+R72, Campus Rd, Boralesgamuwa, Sri Lanka",070 789 9299,94707899299,,5,26,"store, point_of_interest, establishment",,2025-09-28 03:41:21
ChIJWYGoUKIr4joRFdIU9RAyHOY,Sri Lanka Colombo Astrology Service Mrs.Lalani Mendis,"423/2A Pelanwaththa, පන්නිපිටිය 10280, Sri Lanka",076 669 8500,94766698500,https://www.facebook.com/srilankaastrology?mibextid=ZbWKwL,4.7,56,"point_of_interest, establishment",,2025-09-28 03:41:21
ChIJHRucoslb4joRyYg-SOslYAw,EFS FACILITIES SERVICES SRI LANKA (PRIVATE) LIMITED,"9A St Peter's Pl, Colombo 00100, Sri Lanka",077 510 1100,94775101100,https://lk.efsme.com/,,,"parking, general_contractor, point_of_interest, establishment",,2025-09-28 03:41:21
ChIJFaSbghFa4joRX1-5uJnf3yQ,EPSI Service,"75 Talawatugoda Rd, Sri Jayawardenepura Kotte 10100, Sri Lanka",0112 870 277,,,4.1,411,"electronics_store, store, point_of_interest, establishment",,2025-09-28 03:41:21
ChIJAzF502lb4joRfnNeH-rXrrI,Methma Movers (Pvt) Ltd : Transports and Moving Services,"124 Pasal Mawatha, Nugegoda 10280, Sri Lanka",076 713 1391,94767131391,https://www.methmamovers.com/,4.1,41,"moving_company, storage, point_of_interest, establishment",,2025-09-28 03:41:21
ChIJmWwHm2dZ4joRXhpGaIlMMRc,Cambio Software,"524 R. A. De Mel Mawatha, Colombo, Sri Lanka",0112 376 500,,http://www.cambio.lk/,4.7,250,"point_of_interest, establishment",,2025-09-28 03:41:21
ChIJG3aKcD9Z4joR90O6u2H5R3U,Sysco LABS Sri Lanka (IBC),"WRCX+3HC, Sri Uttarananda Mawatha, Colombo, Sri Lanka",0112 024 500,,http://www.syscolabs.lk/,4.7,49,"point_of_interest, establishment",,2025-09-28 03:41:21
ChIJUWA6Y11Z4joRnAuTRGz1JgI,Cloud Solutions International (Pvt) Ltd,"422 R. A. De Mel Mawatha, Colombo 00300, Sri Lanka",0117 627 777,,https://www.cloudsolutions.lk/,4.7,109,"point_of_interest, establishment",,2025-09-28 03:41:21
ChIJaVBaKNFb4joRsxZl3Og5U2E,Inova IT Systems (Pvt) Ltd,"5 Sulaiman Terrace, Colombo 00500, Sri Lanka",0112 593 823,,https://inovaitsys.com/,4.6,136,"point_of_interest, establishment",,2025-09-28 03:41:21
ChIJTeZQbJ5Z4joRDPqPtsV75MM,Synopsys Lanka (Pvt) Ltd,"No: 3, 2/1 Lakshmi Gardens, Colombo 00800, Sri Lanka",0112 038 600,,http://www.synopsys.com/,4.6,112,"point_of_interest, establishment",,2025-09-28 03:41:21
ChIJ8bJgDJlZ4joRSBEn3aJS_YQ,EFutures (Private) Limited | Software Outsourcing company,"20, 54 Fairfield Gardens, Colombo 00800, Sri Lanka",0117 842 542,,https://www.efuturesworld.com/,4.4,112,"point_of_interest, establishment",,2025-09-28 03:41:21
ChIJR8hyia9b4joRv90kApfuQo0,Intervest Software Technologies,"Level 23, 324 Havelock Rd, Colombo 00600, Sri Lanka",0112 081 880,,http://www.intervest.lk/,4.7,59,"point_of_interest, establishment",,2025-09-28 03:41:21
ChIJUx6aFL9Z4joRF1AS3dpFAxc,IFS R&D International (Pvt) Ltd,"1, Level 18, Orion Towers, 736 Dr Danister De Silva Mawatha, Colombo, Sri Lanka",0112 364 400,,https://www.ifs.com/,4.6,822,"point_of_interest, establishment",,2025-09-28 03:41:21
ChIJJy8fjZ1Z4joReoJNL-XhMtc,DMS Software Technologies (Pvt) Ltd,"207, 2 Srimath Anagarika Dharmapala Mawatha, Colombo 00700, Sri Lanka",0112 673 973,,http://www.dmsswt.com/,4.4,64,"point_of_interest, establishment",,2025-09-28 03:41:21
ChIJnUma_GZZ4joR1hiHmp674ZE,Axienta (Pvt) Ltd,"505 Nawala Rd, Colombo 11222, Sri Lanka",0115 660 770,,http://www.axienta.com/,4.2,73,"point_of_interest, establishment",,2025-09-28 03:41:21
ChIJ8Rg3wGlZ4joRX4dRRbgHgKs,Sysco LABS Sri Lanka,"55A Srimath Anagarika Dharmapala Mawatha, Colombo 00300, Sri Lanka",0112 024 500,,http://syscolabs.lk/,4.8,351,"point_of_interest, establishment",,2025-09-28 03:41:21
ChIJi6HR_GZZ4joRlsJOuI4abTY,99x,"65 Walukarama Rd, Colombo 00300, Sri Lanka",0114 721 194,,https://99x.io/,4.7,340,"point_of_interest, establishment",,2025-09-28 03:41:21
ChIJD7B3L99b4joRZ0RU25pYbJY,Emojot (Pvt) Ltd,"No 31, 1-1 W A D Ramanayake Mawatha, Colombo 00200, Sri Lanka",0114 198 711,,https://www.emojot.com/,4.8,46,"point_of_interest, establishment",,2025-09-28 03:41:21
ChIJcyONU6tZ4joRsoUPZcoC2uI,Sana Commerce (Pvt) Ltd,"3rd floor, Alnitak Building, Dr Danister De Silva Mawatha, Colombo 9 00900, Sri Lanka",0115 115 588,,,4.7,134,"point_of_interest, establishment",,2025-09-28 03:41:21
ChIJVS3MUDNa4joRgtWELqUm73s,M I Synergy (Pvt) Ltd,"8B Somadevi Pl, Colombo 00500, Sri Lanka",0112 515 499,,https://www.misynergy.com/,4.5,49,"point_of_interest, establishment",,2025-09-28 03:41:21
ChIJf-e3NEJZ4joR4Q64obL5UKI,Eyepax IT Consulting (Pvt) Ltd,"189 Galle Rd, Colombo 00300, Sri Lanka",0112 600 600,,http://www.eyepax.com/,4.5,110,"point_of_interest, establishment",,2025-09-28 03:41:21
ChIJSTt4FXZb4joRs5wW-JqR4u8,ARCHNIX (PVT) LTD - Sri Lanka,"30 Lauries Rd, Colombo 00400, Sri Lanka",0117 718 718,,https://www.archnix.com/,4.9,11,"point_of_interest, establishment",,2025-09-28 03:41:21
ChIJJXuHmUla4joRjggnNTNtGQ4,Nikini Automation Systems (Pvt) Ltd,"249 High Level Rd, Colombo 00500, Sri Lanka",0112 826 894,,http://www.nikini.lk/,4.6,45,"point_of_interest, establishment",,2025-09-28 03:41:21
ChIJ0Z0Nj2xZ4joRnF_yEe8EANQ,Genesiis Software (Pvt) Ltd,"16 5th Ln, Colombo 00300, Sri Lanka",0117 765 600,,http://www.genesiis.com/,4.2,40,"point_of_interest, establishment",,2025-09-28 03:41:21
ChIJnbFkVF9F4joReiKVVpo1A3g,Encyte (Pvt) Ltd.,"181 - 1/3 Canal Ln, Colombo 10350, Sri Lanka",0117 209 735,,https://encyte.io/,5,32,"point_of_interest, establishment",,2025-09-28 03:41:21
ChIJIUrVDABb4joRa6actimOza0,LAUGFS Super - Nugegoda,"225 Stanley Thilakarathna Mawatha, Nugegoda 10250, Sri Lanka",071 277 2641,94712772641,http://laugfsholdings.com/super/,4.3,36,"supermarket, grocery_or_supermarket, store, food, point_of_interest, establishment",,2025-09-28 03:41:21
ChIJDV53qkRb4joRdsb3dO-JsA4,Thilak Stores,"47 Kanattha Road, Nugegoda 10100, Sri Lanka",,,,5,1,"grocery_or_supermarket, store, food, point_of_interest, establishment",,2025-09-28 03:41:21
ChIJ0yeksdhR4joROAm6iw4sJPw,The cake shop Ranrasa,"316 Uswatta Rd, Pannipitiya 10230, Sri Lanka",077 721 7332,94777217332,,,,"bakery, store, food, point_of_interest, establishment",,2025-09-28 03:41:21
ChIJw3MJZBBb4joRKrzuwrbmmns,K&M Clothing,"298/A Campus Rd, Boralesgamuwa, Sri Lanka",077 610 1226,94776101226,,5,1,"clothing_store, store, point_of_interest, establishment",,2025-09-28 03:41:21
ChIJBfm7t39b4joR5mklDYaxHJs,Aluth Mas - Meat Shop,"85 Attidiya Rd, Dehiwala-Mount Lavinia, Sri Lanka",,,,5,1,"store, food, point_of_interest, establishment",,2025-09-28 03:41:21
ChIJPQJMKYda4joRbWHCcuJzOUw,Ultimate Supplement Store,"413 High Level Rd, Maharagama 10280, Sri Lanka",,,,2,1,"store, food, point_of_interest, establishment",,2025-09-28 03:41:21
ChIJedvu0G9Q4joRN-mgA-FrOpU,CIB Mega City Shopping Centre,"122 Avissawella Rd, Maharagama 10280, Sri Lanka",0112 089 628,,,4.2,1091,"clothing_store, shopping_mall, store, point_of_interest, establishment",,2025-09-28 03:41:21
ChIJC_-IzVxa4joRjToID3xoNvQ,NOLIMIT - 7th Mile Post,"267 High level Road, 267 7th Mile Post, Nugegoda 10250, Sri Lanka",0112 812 021,,http://www.nolimit.lk/,4,1571,"clothing_store, store, point_of_interest, establishment",,2025-09-28 03:41:21
ChIJGeK9UNZR4joR3BoInhl0Csw,Lady J - Maharagama,"144 High Level Rd, Maharagama 10280, Sri Lanka",0114 488 888,,http://www.ladyj.lk/,4.5,4770,"department_store, store, point_of_interest, establishment",,2025-09-28 03:41:21
ChIJkfW8NGFa4joRZDBA11AB_J8,Sesiri Super Centre,"No 8, Gangodavila පරණ කැස්බෑව පාර, නුගේගොඩ 10250, Sri Lanka",,,,3.5,23,"grocery_or_supermarket, store, food, point_of_interest, establishment",,2025-09-28 03:41:21
ChIJrZs9VTRb4joRuGfzp9PdDhI,D&J Mini Mart - Nugegoda,"VVFV+22W, Chapel Ln, Nugegoda, Sri Lanka",071 675 1831,94716751831,,4.4,20,"grocery_or_supermarket, store, food, point_of_interest, establishment",,2025-09-28 03:41:21
